molecule,region,#stars,#amine,#amidine,#acid,#amide,#rotor,#rtvFG,CNS,mol_MW,dipole,SASA,FOSA,FISA,PISA,WPSA,volume,donorHB,accptHB,dip^2/V,ACxDN^.5/SA,glob,QPpolrz,QPlogPC16,QPlogPoct,QPlogPw,QPlogPo/w,QPlogS,CIQPlogS,QPlogHERG,QPPCaco,QPlogBB,QPPMDCK,QPlogKp,IP(eV),EA(eV),#metab,QPlogKhsa,HumanOralAbsorption,PercentHumanOralAbsorption,SAfluorine,SAamideO,PSA,#NandO,RuleOfFive,#ringatoms,#in34,#in56,#noncon,#nonHatm,RuleOfThree,Jm
SA_ANAC_00001.mol,SAF,4,0,0,1,0,18,0,-2,390.562,3.554,854.725,569.565,188.429,96.731,0,1486.61,2,2.5,0.0084968,0.0041365,0.7370043,42.706,14.96,17.768,5.137,6.685,-7.785,-6.377,-4.441,40.986,-2.834,19.916,-2.923,9.244,0.066,5,1.149,1,81.991,0,0,89.593,4,1,6,0,6,0,28,1,0
SA_ANAC_00012.mol,SAF,6,0,0,0,0,15,1,-2,512.515,6.402,870.901,67.669,340.538,462.694,0,1554.477,4,6.5,0.0263625,0.0149271,0.7451647,50.843,19.642,27.445,16.231,3.919,-6.761,-8.179,-7.862,5.842,-4.429,1.907,-4.726,8.813,0.676,8,0.663,1,37.692,0,0,177.91,8,2,24,0,24,0,38,3,0
SA_ANAC_00012.mol,SAF,4,0,0,0,0,15,1,-2,512.515,5.307,857.153,82.169,324.582,450.403,0,1540.198,4,6.5,0.0182869,0.0151665,0.7524732,50.155,19.24,27.031,16.006,3.932,-6.524,-8.179,-7.685,8.277,-4.162,2.779,-4.475,8.569,0.512,8,0.632,1,40.48,0,0,176.541,8,2,24,0,24,0,38,3,0
SA_ANAC_00012.mol,SAF,6,0,0,0,0,15,1,-2,512.515,5.783,877.851,71.95,352.417,453.484,0,1554.871,4,6.5,0.0215078,0.0148089,0.7393907,50.771,19.721,27.363,16.266,3.823,-6.881,-8.179,-7.912,4.507,-4.638,1.441,-4.977,8.652,0.565,8,0.659,1,35.116,0,0,178.059,8,2,24,0,24,0,38,3,0
SA_ANAC_00012.mol,SAF,6,0,0,0,0,15,1,-2,512.515,4.536,871.082,66.743,341.331,463.008,0,1555.956,4,6.5,0.0132244,0.014924,0.7454828,50.906,19.661,27.293,16.239,3.923,-6.764,-8.179,-7.858,5.742,-4.435,1.871,-4.739,9.012,0.716,8,0.667,1,37.583,0,0,178.676,8,2,24,0,24,0,38,3,0
SA_ASPA_00001.mol,SAF,0,0,0,0,0,3,1,-2,400.514,8.096,617.773,344.978,162.349,110.446,0,1190.788,3,6.65,0.0550374,0.0186446,0.8794798,40.63,11.941,22.307,13.344,2.758,-4.613,-4.988,-4.009,285.988,-1.017,127.857,-3.834,9.482,0.506,5,0.423,3,87.06,0,0,95.048,5,0,23,0,23,15,29,0,0.001
SA_ASPA_00002.mol,SAF,0,0,0,0,0,4,1,0,428.567,8.829,667.036,466.867,110.568,89.602,0,1295.774,2,6.65,0.0601522,0.014099,0.861724,43.99,12.097,21.757,11.283,3.875,-5.331,-5.623,-4.197,885.904,-0.67,433.991,-2.858,9.379,0.461,5,0.673,3,100,0,0,80.581,5,0,23,0,23,15,31,0,0.003
SA_ASPA_00003.mol,SAF,2,0,0,0,0,9,2,-2,562.656,11.006,800.822,421.458,278.277,101.087,0,1581.788,6,15.15,0.076582,0.0463396,0.8198383,52.336,16.826,35.945,25.952,0.685,-4.218,-4.819,-4.929,22.751,-2.739,8.288,-5.428,9.351,0.435,9,-0.324,2,29.329,0,0,174.05,10,2,29,0,29,20,40,2,0
SA_ASPA_00004.mol,SAF,8,0,0,0,0,8,7,-2,728.789,7.858,1042.87,711.523,228.363,102.984,0,2072.652,1,16.65,0.029793,0.0159656,0.7538518,72.64,20.176,35.599,20.583,3.657,-7.154,-7.689,-6.006,67.66,-2.598,26.92,-4.597,9.532,0.606,6,0.349,1,55.2,0,0,231.868,14,2,29,0,29,19,52,1,0
SA_ASPA_00005.mol,SAF,4,0,0,0,0,11,2,-2,578.655,4.906,788.026,384.278,308.486,95.261,0,1573.523,7,16.85,0.0152954,0.0565729,0.8302458,50.665,17.109,37.011,28.785,-0.258,-3.381,-4.437,-4.733,11.763,-3.083,4.063,-5.813,9.376,0.459,10,-0.628,1,5.717,0,0,190.994,11,3,29,0,29,20,41,2,0
SA_ASPA_00006.mol,SAF,0,0,0,0,0,3,1,-2,400.514,9.729,616.861,344.023,162.223,110.615,0,1189.402,3,6.65,0.0795784,0.0186722,0.880096,40.576,11.93,22.625,13.342,2.752,-4.598,-4.988,-4,286.772,-1.014,128.237,-3.832,9.457,0.481,5,0.42,3,87.042,0,0,94.777,5,0,23,0,23,15,29,0,0.001
SA_ASPA_00007.mol,SAF,0,0,0,0,0,4,1,0,428.567,9.796,673.324,454.033,112.07,107.221,0,1303.989,2,6.65,0.0735873,0.0139673,0.8572815,44.487,12.302,22.138,11.428,3.933,-5.437,-5.623,-4.353,857.306,-0.694,418.869,-2.823,9.451,0.474,5,0.691,3,100,0,0,80.484,5,0,23,0,23,15,31,0,0.002
SA_ASPA_00009.mol,SAF,9,0,0,0,0,9,6,-2,730.805,15.14,1039.201,701.141,255.662,82.399,0,2074.83,1,16.65,0.1104786,0.0160219,0.7570429,71.889,20.195,36.533,20.399,3.461,-6.927,-7.536,-5.856,37.279,-2.953,14.134,-5.077,9.458,0.539,2,0.316,1,49.417,0,0,230.347,14,2,29,0,29,22,52,1,0
SA_ASPA_000012.mol,SAF,0,0,0,0,0,6,0,0,358.39,6.112,648.959,461.95,27.899,159.11,0,1148.471,0,5.75,0.0325251,0,0.8172619,37.475,10.198,15.11,6.893,3.981,-4.527,-4.846,-5.248,5386.795,-0.077,3053.737,-0.897,9.064,0.531,6,0.159,3,100,0,0,60.918,6,0,16,0,16,2,26,0,1.348
SA_ASPA_000013.mol,SAF,1,0,0,0,0,3,0,0,238.369,2.49,483.031,391.879,67.209,23.943,0,861.754,2,3.4,0.0071971,0.0099545,0.9066631,26.636,7.556,12.889,7.118,2.666,-3.294,-2.657,-3.156,2283.256,-0.162,1207.55,-2.386,9.842,-1.077,4,0.145,3,100,0,0,39.562,2,0,10,0,10,9,17,0,0.498
SA_ASPA_000014.mol,SAF,0,0,0,0,0,2,0,0,236.353,1.991,481.242,387.333,69,24.91,0,855.935,1,3.7,0.0046334,0.0076884,0.9059313,27.054,7.288,11.749,6.184,2.67,-3.441,-2.635,-3.173,2195.721,-0.118,1157.589,-2.511,10.091,-0.587,4,0.177,3,100,0,0,44.657,2,0,10,0,10,8,17,0,0.264
SA_ASPA_000016.mol,SAF,3,0,0,0,0,16,1,-2,324.503,4.036,823.071,690.527,90.019,42.525,0,1383.812,1,3.7,0.0117705,0.0044954,0.7296466,39.359,12.706,15.261,4.181,5.847,-7.32,-4.322,-6.109,1387.546,-1.528,704.86,-1.493,9.166,0.009,3,0.976,1,100,0,0,56.916,3,1,0,0,0,0,23,1,0
SA_ASPA_000017.mol,SAF,0,0,0,0,0,6,0,-2,316.31,4.584,547.554,185.794,179.258,182.502,0,953.029,2,4.75,0.0220518,0.0122682,0.8553469,29.877,10.073,15.546,9.782,2.117,-3.553,-4.525,-4.743,197.697,-1.432,85.785,-3.604,8.741,0.353,6,0.022,3,80.434,0,0,105.118,6,0,16,0,16,2,23,0,0.022
SA_ASPA_000017.mol,SAF,0,0,0,0,0,6,0,-2,316.31,4.477,549.342,169.411,186.463,193.468,0,954.192,2,4.75,0.0210095,0.0122283,0.8532558,30.028,10.204,15.631,9.91,2.086,-3.582,-4.525,-4.829,168.915,-1.506,72.369,-3.698,8.826,0.259,6,0.023,3,79.029,0,0,106.24,6,0,16,0,16,2,23,0,0.017
SA_ASPA_000017.mol,SAF,0,0,0,0,0,6,0,-2,316.31,4.84,546.454,185.82,178.77,181.864,0,950.955,2,4.75,0.0246303,0.0122929,0.8558242,29.787,10.046,15.547,9.772,2.107,-3.534,-4.525,-4.732,199.812,-1.425,86.777,-3.598,8.747,0.294,6,0.017,3,80.46,0,0,104.614,6,0,16,0,16,2,23,0,0.023
SA_ASPA_000018.mol,SAF,0,0,0,0,0,6,0,-2,316.31,5.205,530.937,171.544,171.005,188.388,0,939.962,2,4.75,0.0288188,0.0126522,0.8740356,29.41,10.009,15.498,9.726,2.113,-3.276,-4.525,-4.469,236.735,-1.29,104.232,-3.431,8.733,0.423,6,0.001,3,81.811,0,0,104.65,6,0,16,0,16,2,23,0,0.062
SA_ASPA_000018.mol,SAF,0,0,0,0,0,6,0,-2,316.31,4.083,550.759,164.566,186.799,199.395,0,953.412,2,4.75,0.0174834,0.0121968,0.8505967,30.053,10.231,15.595,9.956,2.084,-3.606,-4.525,-4.9,167.681,-1.519,71.798,-3.684,8.829,0.252,6,0.02,3,78.961,0,0,106.268,6,0,16,0,16,2,23,0,0.016
SA_ASPA_000018.mol,SAF,0,0,0,0,0,6,0,-2,316.31,4.629,526.18,169.992,169.871,186.317,0,935.936,2,4.75,0.0228961,0.0127666,0.8794172,29.229,9.974,15.359,9.693,2.097,-3.197,-4.525,-4.372,242.667,-1.262,107.058,-3.418,8.665,0.323,6,-0.006,3,81.911,0,0,104.17,6,0,16,0,16,2,23,0,0.077
SA_ASPA_00023.mol,SAF,0,0,0,0,0,3,1,0,190.198,6.457,407.39,86.7,128.613,192.077,0,655.461,1,4.2,0.0635987,0.0103095,0.8957479,19.986,6.806,10.82,7.821,1.018,-1.879,-2.099,-4.135,597.4,-0.686,283.478,-2.925,9.525,1.036,2,-0.468,3,82.597,0,0,63.819,3,0,10,0,10,0,14,0,2.988
SA_ASPA_00028.mol,SAF,5,0,0,0,0,10,3,-2,620.692,7.675,874.266,483.905,302.303,88.058,0,1718.209,6,16.2,0.0342863,0.0453886,0.793546,57.029,18.242,37.57,27.017,0.84,-4.802,-5.515,-5.293,13.464,-3.24,4.701,-5.821,9.459,0.48,9,-0.292,2,13.199,0,0,203.263,12,3,29,0,29,20,44,2,0
SA_ASPH_00005.mol,SAF,2,0,0,0,0,4,0,-2,478.5,7.168,666.258,173.091,201.72,291.447,0,1317.287,0,3,0.0390083,0,0.8722534,46.779,13.9,18.395,6.75,5.373,-6.621,-9.392,-4.989,121.056,-1.445,50.485,-3.826,9.046,0.603,12,1.47,1,82.73,0,0,127.484,6,1,28,0,28,2,36,2,0
SA_ASPH_00005.mol,SAF,2,0,0,0,0,4,0,-2,478.5,6.502,664.694,156.665,201.159,306.87,0,1308.133,0,3,0.0323203,0,0.8702508,46.56,13.925,18.237,6.847,5.335,-6.591,-9.392,-5.095,122.548,-1.448,51.158,-3.762,9.045,0.609,12,1.443,1,82.604,0,0,127.359,6,1,28,0,28,2,36,2,0
SA_ASPH_00006.mol,SAF,0,0,0,0,0,1,0,0,228.204,1.349,412.549,85.713,129.698,197.139,0,690.432,0,4.25,0.0026346,0,0.915735,22.718,7.155,9.644,6.901,1.063,-1.53,-2.727,-3.836,583.41,-0.528,276.309,-3.119,9.472,1.148,3,-0.557,3,82.675,0,0,83.826,4,0,13,0,13,0,17,0,3.909
SA_ASPH_00007.mol,SAF,0,0,0,0,0,2,0,-1,244.203,2.847,421.649,85.702,166.992,168.955,0,709.508,0,4,0.011426,0,0.9124017,22.57,7.383,9.679,6.518,1.018,-1.787,-3.183,-3.755,258.415,-0.894,114.587,-3.81,9.047,1.138,4,-0.477,3,76.082,0,0,102.829,5,0,13,0,13,0,18,0,0.617
SA_ASPH_00009.mol,SAF,0,0,0,0,0,2,0,0,258.23,2.664,454.996,178.293,124.384,152.318,0,772.684,0,5,0.0091832,0,0.8950051,24.939,7.464,10.75,7.18,1.219,-1.952,-3.017,-3.957,655.185,-0.592,313.228,-3.083,8.98,1.084,4,-0.561,3,84.488,0,0,88.677,5,0,13,0,13,0,19,0,2.71
SA_BURS_00001.mol,SAF,3,0,0,0,0,18,2,-2,390.516,2.118,823.013,643.257,179.756,0,0,1440.997,3,10.5,0.0031117,0.0220975,0.7496643,39.957,13.893,22.363,13.688,2.419,-4.389,-3.061,-5.583,195.556,-2.654,84.781,-3.104,10.654,-0.897,3,-0.368,1,82.119,0,0,120.789,7,0,5,0,5,4,27,0,0.013
SA_BURS_00001.mol,SAF,4,0,0,0,0,18,2,-2,390.516,7.455,846.287,654.691,191.596,0,0,1450.784,3,10.5,0.0383128,0.0214898,0.7323452,40.349,14.22,22.947,13.825,2.374,-4.769,-3.061,-5.863,151.007,-2.903,64.113,-3.322,10.695,-1.113,3,-0.366,1,79.846,0,0,121.458,7,0,5,0,5,4,27,0,0.003
SA_BURS_00002.mol,SAF,3,0,0,0,0,18,1,-2,348.479,4.083,767.399,577.637,189.762,0,0,1318.227,4,10.2,0.0126465,0.0265833,0.7576541,35.044,12.938,22.127,14.791,1.594,-3.539,-2.395,-5.453,157.177,-2.725,66.949,-3.289,10.635,-2.087,4,-0.634,1,75.591,0,0,104.349,6,0,5,0,5,4,24,0,0.052
SA_BURS_00002.mol,SAF,3,0,0,0,0,18,1,-2,348.479,4.817,735.071,553.229,181.841,0,0,1293.346,4,10.2,0.0179403,0.0277524,0.7809907,34.048,12.53,21.918,14.66,1.538,-3.043,-2.395,-5.076,186.853,-2.509,80.71,-3.143,10.887,-1.98,4,-0.656,1,76.609,0,0,103.718,6,0,5,0,5,4,24,0,0.227
SA_BURS_00003.mol,SAF,3,0,0,0,0,13,0,-2,216.363,0.336,577.507,485,92.507,0,0,956.139,2,3.4,0.0001178,0.008326,0.8127465,23.763,8.08,11.273,5.149,3.006,-3.293,-2.224,-4.562,1314.197,-1.154,664.673,-1.976,10.849,-2.709,2,-0.076,3,100,0,0,43.577,2,0,0,0,0,0,15,0,1.163
SA_BURS_00003.mol,SAF,2,0,0,0,0,13,0,-2,216.363,2.747,581.079,493.21,87.869,0,0,960.469,2,3.4,0.0078547,0.0082748,0.8101873,23.937,8.087,11.408,5.126,3.065,-3.356,-2.224,-4.603,1454.247,-1.112,741.554,-1.891,10.806,-2.808,2,-0.066,3,100,0,0,43.341,2,0,0,0,0,0,15,0,1.226
SA_CLUS_00002.mol,SAF,6,0,0,0,0,10,1,-2,652.539,10.034,815.807,2.683,490.147,307.673,15.304,1592.554,5.8,13.25,0.0632209,0.0391149,0.8084263,54.097,19.991,36.441,26.455,0.254,-4.758,-8.578,-6.099,0.223,-5.002,0.068,-8.509,9.093,1.283,9,-0.103,1,0,0,0,270.078,15,3,32,0,32,2,46,2,0
SA_CLUS_00002.mol,SAF,6,0,0,0,0,10,1,-2,652.539,6.16,856.715,0.104,499.898,328.401,28.311,1643.717,5.8,13.25,0.0230871,0.0372472,0.7862249,56.343,20.891,36.73,26.765,0.512,-5.404,-8.578,-6.557,0.18,-5.361,0.063,-8.616,8.882,1.209,9,-0.036,1,0,0,0,271.24,15,3,32,0,32,2,46,2,0
SA_CLUS_00002.mol,SAF,6,0,0,0,0,10,1,-2,652.539,10.381,863.99,6.215,493.389,359.609,4.777,1640.228,5.8,13.25,0.0656959,0.0369335,0.7785007,56.501,20.929,37.228,26.942,0.467,-5.408,-8.578,-6.831,0.208,-5.455,0.055,-8.386,9.213,1.265,9,-0.059,1,0,0,0,271.223,15,3,32,0,32,2,46,2,0
SA_CLUS_00002.mol,SAF,6,0,0,0,0,10,1,-2,652.539,6.324,849.182,0.563,491.682,331.878,25.059,1635.852,5.8,13.25,0.0244486,0.0375776,0.7906669,56.061,20.732,36.62,26.713,0.523,-5.28,-8.578,-6.502,0.215,-5.221,0.074,-8.452,8.953,1.24,9,-0.044,1,0,0,0,271.233,15,3,32,0,32,2,46,2,0
SA_DICH_00001.mol,SAF,8,1,0,1,0,2,0,-1,103.121,3.159,297.682,185.845,111.836,0,0,437.99,2,3.5,0.0227912,0.0166277,0.9369631,10.09,3.601,7.586,7.132,-2.18,0.01,0.643,-1.471,54.432,-0.008,29.942,-5.451,9.6,-1.13,2,-0.941,2,45.249,0,0,61.882,3,0,0,0,0,0,7,0,0.361
SA_DICH_00003.mol,SAF,3,2,0,2,0,9,0,-2,204.225,2.822,446.954,150.982,295.972,0,0,720.882,6,6,0.0110496,0.0328825,0.8699187,16.917,8.254,17.53,15.52,-3.21,0.817,0.94,-1.474,0.062,-1.789,0.028,-10.235,9.752,-0.908,6,-1.281,1,0,0,0,147.381,6,1,0,0,0,0,14,1,0
SA_DICH_00003.mol,SAF,3,2,0,2,0,9,0,-2,204.225,5.459,447.104,151.1,296.004,0,0,722.003,6,6,0.0412768,0.0328714,0.8705275,16.962,8.271,17.962,15.521,-3.203,0.815,0.94,-1.464,0.062,-1.786,0.028,-10.236,9.886,-0.946,6,-1.278,1,0,0,0,147.242,6,1,0,0,0,0,14,1,0
SA_EUPH_00001.mol,SAF,0,0,0,0,0,1,2,0,356.418,8.005,586.034,268.992,90.85,226.192,0,1081.218,0,5.5,0.0592594,0,0.8693298,38.634,10.561,16.504,8.483,3.307,-4.28,-4.711,-4.725,1362.596,-0.298,691.17,-2.301,9.459,0.747,4,0.243,3,100,0,0,77.995,5,0,19,0,19,8,26,0,0.094
SA_EUPH_00002.mol,SAF,0,0,0,0,0,4,1,1,316.439,3.37,517.579,343.7,39.733,134.146,0,1001.392,0,4.5,0.0113441,0,0.9352426,32.634,9.136,12.87,5.698,3.519,-3.018,-3.837,-3.22,4160.144,0.02,2309.579,-1.395,9.16,-0.571,2,0.151,3,100,0,0,46.911,3,0,16,3,13,10,23,0,12.223
SA_EUPH_00003.mol,SAF,0,0,0,2,0,5,1,-1,362.422,2.8,530.302,289.841,105.214,135.247,0,1033.801,1,5.5,0.007583,0.0103714,0.9323944,33.3,10.099,15.346,8.41,3.983,-3.208,-4.516,0.344,63.879,-0.545,40.922,-2.502,9.443,-0.3,2,-0.122,3,82.578,0,0,93.011,6,0,16,3,13,10,26,0,0.707
SA_EUPH_00004.mol,SAF,0,0,0,0,0,3,1,1,330.423,4.14,520.703,344.412,37.175,139.116,0,988.723,0,5.5,0.0173365,0,0.9217743,32.817,8.962,13.542,6.927,2.973,-2.716,-3.785,-3.461,4399.165,0.091,2453.336,-1.427,9.238,-0.499,2,-0.11,3,100,0,0,52.981,4,0,19,3,16,11,24,0,23.78
SA_EUPH_00005.mol,SAF,0,0,0,0,0,1,1,1,374.433,3.474,548.823,389.212,40.728,118.883,0,1065.843,0,7.5,0.0113205,0,0.9194511,36.994,9.512,16.081,9.292,2.453,-2.528,-3.787,-3.402,4070.794,0.182,2256.01,-1.755,9.416,-0.335,2,-0.337,3,100,0,0,71.866,6,0,20,3,17,12,27,0,19.52
SA_EUPH_00006.mol,SAF,0,0,0,0,0,4,1,0,344.45,2.94,579.294,366.523,63.497,149.275,0,1095.828,0,4.5,0.0078898,0,0.8873485,36.558,10.017,14.237,6.111,3.988,-4.187,-4.681,-4.067,2476.046,-0.215,1318.125,-1.78,9.635,0.238,3,0.426,3,100,0,0,64.258,4,0,15,0,15,8,25,0,0.371
SA_EUPH_00007.mol,SAF,0,0,0,1,0,4,0,-1,330.423,2.602,528.814,273.553,105.66,149.601,0,1009.809,1,4.5,0.0067057,0.0085096,0.9204949,33.119,9.926,14.745,7.743,3.829,-3.738,-4.512,-1.724,249.762,-0.509,140.471,-2.556,9.626,0.22,3,0.199,3,92.274,0,0,78.233,4,0,15,0,15,8,24,0,0.192
SA_EUPH_00007.mol,SAF,0,0,0,1,0,4,0,-1,330.423,3.201,525.772,271.112,105.604,149.056,0,1011.433,1,4.5,0.0101326,0.0085588,0.9268134,33.179,9.972,14.831,7.731,3.837,-3.693,-4.512,-1.62,250.07,-0.497,140.658,-2.557,9.642,0.242,3,0.206,3,92.331,0,0,78.218,4,0,15,0,15,8,24,0,0.216
SA_EUPH_00008.mol,SAF,0,0,0,1,0,4,0,-1,328.407,5.724,533.437,209.074,117.953,206.411,0,1004.102,1,4.5,0.0326303,0.0084359,0.9090765,33.433,10.302,15.329,8.224,3.785,-3.78,-4.6,-2.18,190.966,-0.629,105.096,-2.582,9.33,0.347,3,0.179,3,89.933,0,0,78.302,4,0,15,0,15,6,24,0,0.149
SA_EUPH_00008.mol,SAF,0,0,0,1,0,4,0,-1,328.407,3.601,533.253,209.364,118.224,205.666,0,1003.756,1,4.5,0.0129181,0.0084388,0.9091806,33.412,10.296,15.051,8.22,3.78,-3.774,-4.6,-2.175,189.839,-0.631,104.426,-2.59,9.226,0.377,3,0.178,3,89.858,0,0,78.422,4,0,15,0,15,6,24,0,0.148
SA_EUPH_00009.mol,SAF,1,0,0,0,0,3,0,0,304.472,3.569,543.562,451.151,92.411,0,0,1008.225,2,3.4,0.0126306,0.008846,0.8945841,32.269,8.86,15.038,7.272,3.37,-4.33,-3.68,-3.238,1316.941,-0.387,666.173,-2.935,10.399,-2.663,2,0.522,3,100,0,0,43.531,2,0,16,3,13,16,22,0,0.017
SA_EUPH_00010.mol,SAF,1,0,0,0,0,4,0,0,304.472,2.279,539.726,456.05,83.676,0,0,1006.478,2,3.4,0.0051583,0.0089088,0.899901,31.557,8.808,14.624,6.983,3.422,-4.101,-3.68,-3.152,1593.673,-0.366,818.69,-2.678,10.285,-2.747,2,0.477,3,100,0,0,41.82,2,0,16,3,13,16,22,0,0.051
SA_EUPH_00013.mol,SAF,0,0,0,0,0,1,1,1,316.439,3.694,516.428,452.049,42.836,21.543,0,1000.737,0,4.5,0.0136387,0,0.9369179,33.459,8.369,13.128,5.612,3.361,-3.485,-3.597,-2.655,3887.603,0.178,2146.478,-2.137,9.827,-0.073,4,0.277,3,100,0,0,46.735,3,0,17,3,9,10,23,0,0.756
SA_EUPH_00014.mol,SAF,0,0,0,0,0,1,0,0,300.44,5.829,556.943,461.507,61.189,34.247,0,1045.656,0,3,0.0324924,0,0.8945678,35.378,8.767,13.256,4.443,4.273,-5.038,-3.973,-3.401,2603.994,-0.007,1391.899,-2.431,9.496,0.395,7,0.809,3,100,0,0,40.488,2,0,16,0,5,6,22,1,0.01
SA_EUPH_00015.mol,SAF,0,0,0,0,0,2,0,0,318.455,5.825,547.438,436.473,85.324,25.641,0,1054.722,1,3.75,0.0321648,0.0068501,0.9153535,35.017,9.279,15.123,6.509,3.793,-4.585,-3.961,-3.024,1537.351,-0.236,787.462,-2.81,9.75,0.401,7,0.704,3,100,0,0,56.245,3,0,16,0,5,8,23,1,0.013
SA_EUPH_00016.mol,SAF,0,0,0,0,0,2,0,0,318.455,6.822,549.107,459.542,68.686,20.88,0,1063.904,1,3.75,0.0437446,0.0068293,0.9178591,35.339,9.221,15.316,6.367,3.962,-4.615,-3.961,-2.961,2210.815,-0.101,1166.193,-2.52,9.577,0.228,7,0.73,3,100,0,0,53.435,3,0,16,0,5,8,23,1,0.023
SA_EUPH_00017.mol,SAF,3,0,0,1,0,2,1,-1,498.745,3.821,772.389,660.675,98.305,13.409,0,1547.474,1,4,0.0094326,0.0051787,0.8376798,54.62,13.44,21.801,7.301,7.224,-8.55,-7.823,-2.415,293.275,-0.491,167.1,-3.092,9.624,-0.883,1,1.834,1,100,0,0,75.094,4,1,22,0,22,20,36,1,0
SA_EUPH_00020.mol,SAF,0,0,0,0,0,0,0,0,342.391,3.575,513.935,307.362,87.576,118.997,0,984.564,0,6.5,0.0129807,0,0.9312934,34.385,9.195,14.914,8.763,2.086,-2.553,-3.94,-3.211,1463.571,-0.11,746.694,-2.714,9.608,-0.081,4,-0.263,3,95.815,0,0,79.214,5,0,21,0,21,10,25,0,1.851
SA_EUPH_00021.mol,SAF,1,0,0,0,0,3,0,0,304.472,2.331,540.002,461.9,78.102,0,0,1009.517,2,3.4,0.0053806,0.0089043,0.9012498,32.321,8.802,14.906,7.166,3.48,-4.268,-3.68,-3.13,1799.939,-0.258,933.799,-2.671,10.396,-2.613,2,0.528,3,100,0,0,40.814,2,0,16,3,13,16,22,0,0.035
SA_EUPH_00021.mol,SAF,1,0,0,0,0,3,0,0,304.472,2.509,539.056,462.187,76.869,0,0,1003.493,2,3.4,0.0062741,0.0089199,0.8992364,32.079,8.729,14.819,7.156,3.45,-4.252,-3.68,-3.162,1849.069,-0.251,961.379,-2.648,10.383,-2.619,2,0.511,3,100,0,0,40.427,2,0,16,3,13,16,22,0,0.038
SA_EUPH_00022.mol,SAF,1,0,0,0,0,5,0,-1,320.471,3.86,545.689,431.704,113.985,0,0,1024.782,3,5.1,0.0145412,0.0161877,0.9008268,31.647,9.419,17.283,10.122,2.527,-3.487,-3.314,-3.137,822.208,-0.674,400.364,-3.14,10.314,-2.55,3,0.164,3,93.912,0,0,60.833,3,0,16,3,13,16,23,0,0.076
SA_EUPH_00022.mol,SAF,1,0,0,0,0,5,0,-1,320.471,3.006,546.055,429.268,116.788,0,0,1023.423,3,5.1,0.0088269,0.0161769,0.899425,31.593,9.42,17.195,10.142,2.498,-3.493,-3.314,-3.159,773.398,-0.7,374.737,-3.192,10.334,-2.571,3,0.16,3,93.268,0,0,61.057,3,0,16,3,13,16,23,0,0.066
SA_EUPH_00023.mol,SAF,0,0,0,0,0,3,0,0,302.456,3.272,546.891,421.776,83.138,41.976,0,1026.951,1,3.7,0.0104253,0.0067655,0.9001144,33.419,9.059,14.164,6.334,3.667,-4.43,-4,-3.348,1612.516,-0.301,829.158,-2.616,9.585,-0.807,4,0.591,3,100,0,0,45.909,2,0,14,0,14,11,22,0,0.027
SA_EUPH_00023.mol,SAF,0,0,0,0,0,3,0,0,302.456,2.39,562.788,437.529,84.139,41.12,0,1039.487,1,3.7,0.0054934,0.0065744,0.8817922,33.913,9.096,14.221,6.373,3.732,-4.712,-4,-3.641,1577.656,-0.339,809.8,-2.637,9.559,-0.76,4,0.619,3,100,0,0,46.744,2,0,14,0,14,11,22,0,0.014
SA_FABA_00001.mol,SAF,2,0,0,0,0,6,0,0,390.478,2.312,684.422,411.383,73.032,200.007,0,1262.4,2,2.75,0.0042355,0.0056823,0.825352,42.425,12.322,18.104,7.538,5.573,-6.535,-6.876,-5.312,2010.644,-0.513,1052.493,-1.585,8.207,0.601,10,1.169,1,100,0,0,58.572,4,1,17,0,17,1,29,2,0.003
SA_FABA_00002.mol,SAF,0,0,0,0,0,6,0,-2,338.359,4.166,606.418,192.651,148.457,265.31,0,1059.809,2,3.75,0.0163763,0.0087453,0.8289815,34.941,11.406,16.621,9.292,3.454,-4.839,-5.451,-5.565,387.335,-1.238,177.468,-2.745,8.774,0.412,6,0.446,3,93.494,0,0,93.845,5,0,16,0,16,0,25,0,0.009
SA_FABA_00002.mol,SAF,0,0,0,0,0,6,0,-2,338.359,5.923,605.731,193.409,146.81,265.512,0,1058.047,2,3.75,0.033162,0.0087552,0.8290018,34.872,11.378,16.818,9.281,3.455,-4.827,-5.451,-5.565,401.514,-1.222,184.501,-2.714,8.756,0.352,6,0.442,3,93.776,0,0,93.246,5,0,16,0,16,0,25,0,0.01
SA_FABA_00003.mol,SAF,5,0,0,0,0,7,0,0,444.613,0.937,855.372,651.202,45.817,158.352,0,1567.295,1,3.5,0.0005604,0.0040918,0.7628586,53.587,14.698,20.486,6.535,7.566,-9.462,-7.708,-6.124,3642.632,-0.383,2000.661,-1.134,8.924,0.452,11,1.927,1,100,0,0,51.917,3,1,16,0,16,2,33,2,0
SA_FABA_00003.mol,SAF,4,0,0,0,0,7,0,0,444.613,2.388,863.123,649.637,48.84,164.645,0,1571.629,1,3.5,0.0036276,0.004055,0.757401,53.82,14.851,20.606,6.617,7.579,-9.605,-7.708,-6.243,3409.954,-0.426,1862.894,-1.168,8.976,0.466,11,1.938,1,100,0,0,53.546,3,1,16,0,16,2,33,2,0
SA_FABA_00004.mol,SAF,0,0,0,0,0,8,1,-2,384.385,8.901,647.118,255.427,207.302,184.389,0,1163.981,2,6.5,0.068073,0.0142051,0.8269497,37.053,12.243,19.67,11.508,2.535,-4.391,-5.355,-5.211,107.165,-1.94,44.254,-3.922,9.022,0.687,6,0.165,3,78.122,0,0,129.469,7,0,16,0,16,0,28,0,0.002
SA_FABA_00004.mol,SAF,0,0,0,0,0,8,1,-2,384.385,10.826,641.042,254.506,202.298,184.238,0,1151.856,2,6.5,0.1017543,0.0143398,0.82898,36.566,12.093,19.94,11.458,2.496,-4.289,-5.355,-5.178,119.539,-1.881,49.802,-3.831,9.041,0.643,6,0.136,3,78.745,0,0,128.45,7,0,16,0,16,0,28,0,0.003
SA_FABA_00005.mol,SAF,0,0,0,0,0,8,1,-2,368.342,11.232,627.756,185.057,228.986,213.713,0,1101.319,2,6.5,0.1145434,0.0146433,0.82158,34.825,12.003,19.643,11.808,2.03,-4.068,-5.04,-5.438,66.746,-2.18,26.527,-4.219,9.111,0.835,4,0.002,3,71.484,0,0,134.052,7,0,16,0,16,0,27,0,0.002
SA_FABA_00005.mol,SAF,0,0,0,0,0,8,1,-2,368.342,10.611,621.787,181.015,223.991,216.781,0,1096.158,2,6.5,0.1027197,0.0147838,0.8268729,34.648,11.944,19.418,11.781,2.041,-3.969,-5.04,-5.367,74.438,-2.103,29.846,-4.116,9.077,0.789,4,-0.007,3,72.395,0,0,133.273,7,0,16,0,16,0,27,0,0.003
SA_FABA_00007.mol,SAF,10,0,0,0,0,32,1,-2,574.883,2.869,1291.242,991.054,168.926,131.262,0,2268.067,2,5.2,0.0036291,0.0056952,0.6465391,65.32,24.339,26.086,5.861,10.197,-12.52,-9.131,-7.877,247.727,-4.059,109.473,-1.098,8.928,0.75,3,2.33,1,100,0,0,89.435,5,2,6,0,6,0,41,1,0
SA_FABA_00010.mol,SAF,0,0,0,0,0,6,0,-2,328.278,6.366,542.315,92.535,247.781,201.998,0,941.146,2,6.5,0.0430624,0.0169503,0.8564162,29.587,10.582,17.049,12.092,0.943,-3.005,-4.264,-4.819,44.278,-2.05,17.023,-4.798,9.149,0.771,4,-0.278,3,61.933,0,0,140.764,7,0,16,0,16,0,24,0,0.005
SA_FABA_00010.mol,SAF,0,0,0,0,0,6,0,-2,328.278,8.326,541.687,92.306,245.904,203.476,0,939.42,2,6.5,0.0737883,0.0169699,0.8563608,29.532,10.562,17.444,12.088,0.948,-2.995,-4.264,-4.827,46.131,-2.034,17.794,-4.759,9.117,0.75,4,-0.282,3,62.277,0,0,139.974,7,0,16,0,16,0,24,0,0.006
SA_FABA_00013.mol,SAF,0,0,0,0,0,7,0,-1,372.417,3.103,636.166,330.15,114.983,191.033,0,1156.372,3,5.45,0.0083252,0.0148384,0.8375159,37.454,11.8,19.502,11.55,3.372,-4.558,-5.282,-5.072,804.477,-0.951,391.04,-2.294,9.155,0.01,7,0.309,3,100,0,0,85.046,6,0,17,0,17,3,27,1,0.052
SA_FABA_00013.mol,SAF,0,0,0,0,0,7,0,-1,372.417,2.458,637.67,337.877,107.668,192.124,0,1158.764,3,5.45,0.0052154,0.0148034,0.8366925,37.56,11.778,19.46,11.511,3.438,-4.583,-5.282,-5.091,943.805,-0.884,464.73,-2.155,9.123,-0.008,7,0.314,3,100,0,0,84.653,6,0,17,0,17,3,27,1,0.068
SA_FABA_00014.mol,SAF,0,0,0,0,0,8,0,-2,368.385,4.181,658.11,244.36,160.768,252.982,0,1154.907,2,5.45,0.0151369,0.0117115,0.8089054,37.345,12.316,18.286,10.65,3.279,-4.9,-5.429,-5.831,296.034,-1.557,132.719,-2.823,8.625,0.422,6,0.312,3,90.376,0,0,102.126,6,0,16,0,16,0,27,0,0.007
SA_FABA_00014.mol,SAF,0,0,0,0,0,8,0,-2,368.385,2.247,651.23,236.27,161.672,253.288,0,1153.291,2,5.45,0.0043787,0.0118352,0.816689,37.283,12.306,18.152,10.642,3.268,-4.782,-5.429,-5.706,290.245,-1.535,129.916,-2.839,8.663,0.377,6,0.312,3,90.159,0,0,102.632,6,0,16,0,16,0,27,0,0.009
SA_FABA_00014.mol,SAF,0,0,0,0,0,8,0,-2,368.385,4.545,624.481,217.258,171.934,235.29,0,1129.633,2,5.45,0.0182859,0.0123422,0.8399831,36.164,12.039,18.055,10.525,3.044,-4.326,-5.429,-5.243,231.979,-1.543,101.971,-3.091,8.726,0.423,6,0.265,3,87.105,0,0,102.18,6,0,16,0,16,0,27,0,0.014
SA_FABA_00014.mol,SAF,0,0,0,0,0,8,0,-2,368.385,5.914,633.472,235.585,160.149,237.737,0,1135.927,2,5.45,0.0307891,0.012167,0.8311347,36.439,12.024,18.237,10.483,3.162,-4.478,-5.429,-5.398,300.057,-1.464,134.67,-2.865,8.73,0.409,6,0.276,3,89.795,0,0,103.356,6,0,16,0,16,0,27,0,0.017
SA_FABA_00015.mol,SAF,0,0,0,0,0,8,0,-2,366.37,7.377,638.426,215.034,177.4,245.991,0,1127.588,2,4.5,0.0482603,0.0099682,0.8206435,36.184,12.119,17.931,9.732,3.363,-4.85,-5.739,-5.607,205.879,-1.675,89.629,-3.154,8.827,0.621,5,0.411,3,88.044,0,0,105.052,6,0,16,0,16,0,27,0,0.004
SA_FABA_00015.mol,SAF,0,0,0,0,0,8,0,-2,366.37,6.853,635.784,213.978,172.467,249.339,0,1123.85,2,4.5,0.0417934,0.0100096,0.8222322,36.067,12.073,17.787,9.715,3.378,-4.804,-5.739,-5.598,229.294,-1.619,100.695,-3.052,8.79,0.569,5,0.402,3,88.972,0,0,104.377,6,0,16,0,16,0,27,0,0.005
SA_FABA_00016.mol,SAF,0,0,0,0,0,8,0,-2,384.385,6.533,659.404,243.186,210.865,205.353,0,1170.024,3,5.25,0.03648,0.0137901,0.8143481,37.495,12.702,20.175,11.938,2.865,-4.835,-5.722,-5.515,99.144,-2.039,40.685,-3.914,8.891,0.568,5,0.314,3,79.448,0,0,124.486,7,0,16,0,16,0,28,0,0.001
SA_FABA_00016.mol,SAF,0,0,0,0,0,8,0,-2,384.385,8.334,654.065,239.306,208.876,205.884,0,1165.358,3,5.25,0.0595961,0.0139027,0.8188107,37.313,12.646,20.435,11.915,2.854,-4.745,-5.722,-5.446,103.545,-1.996,42.64,-3.876,8.86,0.542,5,0.306,3,79.721,0,0,123.598,7,0,16,0,16,0,28,0,0.001
SA_FABA_00017.mol,SAF,0,0,0,0,0,9,0,-2,386.401,3.337,666.53,249.812,191.943,224.775,0,1190.802,3,6.2,0.0093514,0.0161114,0.8151519,37.87,12.903,20.36,12.673,2.785,-4.542,-5.426,-5.595,149.866,-1.905,63.589,-3.401,9.051,0.419,6,0.179,3,82.195,0,0,124.14,7,0,16,0,16,0,28,0,0.004
SA_FABA_00017.mol,SAF,0,0,0,0,0,9,0,-2,386.401,3.433,659.201,250.651,185.288,223.262,0,1181.333,3,6.2,0.009975,0.0162905,0.8198395,37.476,12.753,20.211,12.6,2.777,-4.421,-5.426,-5.512,173.307,-1.817,74.405,-3.284,8.829,0.467,6,0.159,3,83.275,0,0,122.527,7,0,16,0,16,0,28,0,0.008
SA_FABA_00017.mol,SAF,0,0,0,0,0,9,0,-2,386.401,5.069,667.371,258.475,186.178,222.718,0,1180.525,3,6.2,0.0217632,0.0160911,0.8094334,37.439,12.754,20.321,12.622,2.758,-4.556,-5.426,-5.678,169.97,-1.873,72.857,-3.302,8.634,0.367,6,0.148,3,83.013,0,0,120.783,7,0,16,0,16,0,28,0,0.005
SA_FABA_00017.mol,SAF,0,0,0,0,0,9,0,-2,386.401,5.426,664.084,249.161,189.914,225.009,0,1187.043,3,6.2,0.0248038,0.0161707,0.8164311,37.721,12.854,20.515,12.655,2.779,-4.502,-5.426,-5.575,156.655,-1.878,66.709,-3.363,9.036,0.34,6,0.17,3,82.5,0,0,123.245,7,0,16,0,16,0,28,0,0.005
SA_FABA_00018.mol,SAF,2,0,0,0,0,7,0,-2,422.52,3.73,777.43,482.703,143.938,150.789,0,1416.93,1,4,0.0098196,0.0051452,0.7847583,47.497,13.796,19.288,7.455,5.7,-7.828,-7.046,-5.734,427.498,-1.417,197.439,-2.969,9.344,0.383,11,1.402,1,94.45,0,0,85.78,5,1,16,0,16,2,31,2,0
SA_FABA_00018.mol,SAF,2,0,0,0,0,7,0,-2,422.52,2.389,747.35,456.428,141.84,149.082,0,1389.052,1,4,0.00411,0.0053522,0.8056014,46.365,13.423,18.889,7.357,5.54,-7.279,-7.046,-5.389,447.542,-1.315,207.464,-2.936,9.2,0.265,11,1.331,1,93.868,0,0,84.377,5,1,16,0,16,2,31,2,0
SA_FABA_00018.mol,SAF,2,0,0,0,0,7,0,-2,422.52,2.137,766.865,480.842,143.171,142.852,0,1405.391,1,4,0.0032482,0.005216,0.791245,46.959,13.596,19.02,7.371,5.624,-7.635,-7.046,-5.591,434.716,-1.383,201.045,-2.983,9.149,0.322,11,1.372,1,94.134,0,0,84.799,5,1,16,0,16,2,31,2,0
SA_FABA_00019.mol,SAF,0,0,0,0,0,7,0,-2,382.412,4.799,654.557,329.248,130.377,194.932,0,1180.76,1,4.5,0.0195042,0.0068749,0.8253889,38.467,11.705,16.634,7.86,4.138,-5.411,-6.149,-5.287,574.819,-1.134,271.914,-2.564,8.831,0.539,7,0.658,3,100,0,0,90.085,6,0,16,0,16,0,28,1,0.004
SA_FABA_00019.mol,SAF,0,0,0,0,0,7,0,-2,382.412,5.517,652.712,333.913,128.035,190.764,0,1187.248,1,4.5,0.0256325,0.0068943,0.8307511,38.687,11.72,16.799,7.811,4.192,-5.378,-6.149,-5.18,604.979,-1.095,287.367,-2.535,8.817,0.482,7,0.678,3,100,0,0,88.558,6,0,16,0,16,0,28,1,0.005
SA_FABA_00020.mol,SAF,0,0,0,0,0,6,0,-2,352.386,3.922,622.647,263.166,133.008,226.473,0,1118.139,1,3.75,0.0137599,0.0060227,0.8367334,36.904,11.363,15.724,7.498,4.076,-5.276,-5.831,-5.254,542.73,-1.065,255.545,-2.597,8.697,0.449,6,0.682,3,100,0,0,82.147,5,0,16,0,16,0,26,0,0.005
SA_FABA_00020.mol,SAF,0,0,0,0,0,6,0,-2,352.386,4.524,621.212,263.443,130.888,226.881,0,1115.316,1,3.75,0.018353,0.0060366,0.8372537,36.795,11.325,15.74,7.483,4.073,-5.251,-5.831,-5.247,568.449,-1.043,268.659,-2.556,8.669,0.381,6,0.675,3,100,0,0,81.186,5,0,16,0,16,0,26,0,0.005
SA_FABA_00026.mol,SAF,0,0,0,0,0,7,0,-2,368.385,5.329,623.426,240.463,172.826,210.137,0,1119.78,2,4.5,0.0253644,0.010208,0.8365053,36.172,11.771,17.623,9.642,3.312,-4.753,-5.78,-5.18,227.505,-1.505,99.846,-3.292,8.844,0.548,7,0.441,3,88.524,0,0,104.275,6,0,16,0,16,0,27,1,0.003
SA_FABA_00026.mol,SAF,0,0,0,0,0,7,0,-2,368.385,6.329,621.938,240.491,170.677,210.771,0,1116.984,2,4.5,0.0358558,0.0102325,0.8371099,36.066,11.735,17.721,9.628,3.31,-4.727,-5.78,-5.173,238.437,-1.482,105.042,-3.251,8.828,0.513,7,0.434,3,88.879,0,0,103.319,6,0,16,0,16,0,27,1,0.004
SA_FABA_00031.mol,SAF,0,0,0,0,0,4,0,0,330.337,6.967,580.294,313.41,77.445,189.439,0,1016.072,1,5.75,0.047766,0.0099088,0.8422999,33.75,9.747,15.886,9.177,2.932,-4.112,-4.472,-4.987,1825.945,-0.405,948.391,-1.895,8.871,0.563,6,0.105,3,100,0,0,77.553,6,0,16,0,16,2,24,0,0.304
SA_FABA_00031.mol,SAF,0,0,0,0,0,4,0,0,330.337,6.967,580.295,313.411,77.445,189.439,0,1016.073,1,5.75,0.0477666,0.0099088,0.8422993,33.75,9.747,15.886,9.177,2.932,-4.112,-4.472,-4.987,1825.943,-0.405,948.39,-1.895,8.871,0.563,6,0.105,3,100,0,0,77.553,6,0,16,0,16,2,24,0,0.304
SA_FABA_00033.mol,SAF,0,0,0,0,0,4,0,0,342.348,7.244,603.908,346.202,43.934,213.772,0,1065.47,0,5.5,0.0492558,0,0.835388,35.959,9.916,14.954,7.461,3.528,-4.13,-4.751,-5.215,3795.534,-0.097,2091.585,-1.192,9.136,0.784,4,0.07,3,100,0,0,63.832,6,0,16,0,16,0,25,0,1.63
SA_FABA_00035.mol,SAF,0,0,0,0,0,9,1,0,344.363,7.146,629.508,363.223,65.659,200.626,0,1106.763,0,4.75,0.0461333,0,0.8219912,34.276,10.358,13.798,5.739,3.985,-4.316,-4.902,-5.369,2361.877,-0.627,1252.555,-1.159,8.896,0.581,5,0.178,3,100,0,0,73.738,6,0,12,0,12,0,25,0,1.528
SA_FABA_00035.mol,SAF,0,0,0,0,0,9,1,0,344.363,7.44,629.017,363.043,64.848,201.125,0,1105.255,0,4.75,0.0500821,0,0.8218852,34.22,10.341,13.828,5.735,3.981,-4.307,-4.902,-5.373,2404.053,-0.619,1276.749,-1.142,8.909,0.57,5,0.174,3,100,0,0,73.081,6,0,12,0,12,0,25,0,1.623
SA_FABA_00038.mol,SAF,5,0,0,0,0,4,0,1,358.479,1.026,682.334,387.962,0,294.372,0,1231.973,0,1.25,0.0008552,0,0.8145211,43.392,11.748,14.481,3.713,6.411,-9.566,-9.566,-5.937,9906.038,0.397,5899.293,-0.098,8.481,0.694,8,1.69,1,100,0,0,16.032,2,1,17,0,17,1,27,2,0
SA_FABA_00038.mol,SAF,5,0,0,0,0,4,0,1,358.479,1.05,649.867,384.607,0,265.26,0,1217.923,0,1.25,0.0009058,0,0.8486992,42.552,11.404,14.271,3.436,5.971,-9.419,-9.419,-5.245,9906.038,0.391,5899.293,-0.201,8.436,0.663,8,1.649,1,100,0,0,16.454,2,1,17,0,17,1,27,2,0
SA_FABA_00040.mol,SAF,2,0,0,0,0,8,0,0,420.504,4.825,765.392,475.94,70.196,219.257,0,1380.413,1,3.75,0.0168616,0.0048994,0.7833459,46.047,13.424,18.434,6.924,6.163,-7.544,-7.235,-6.083,2139.123,-0.681,1125.371,-1.273,8.698,0.366,9,1.31,1,100,0,0,77.006,5,1,16,0,16,0,31,2,0.001
SA_FABA_00042.mol,SAF,3,0,0,0,0,6,0,-2,570.551,0.265,827.127,203.175,238.035,385.916,0,1571.729,2,8,4.47E-05,0.0136783,0.7903963,56.58,17.719,26.916,15.44,4.464,-7.29,-9.212,-6.764,54.779,-2.338,21.426,-3.971,9.167,0.33,10,1.01,1,71.245,0,0,163.435,10,1,32,0,32,4,42,2,0
SA_FABA_00042.mol,SAF,2,0,0,0,0,6,0,-2,570.551,6.978,828.152,204.443,239.7,384.009,0,1568.569,2,8,0.0310406,0.0136614,0.7883595,56.435,17.703,27.284,15.44,4.429,-7.307,-9.212,-6.788,52.824,-2.369,20.601,-4.008,9.073,0.451,10,1,1,70.757,0,0,163.425,10,1,32,0,32,4,42,2,0
SA_FABA_00043.mol,SAF,1,0,0,0,0,4,0,-2,510.499,6.449,752.155,19.101,277.183,455.87,0,1436.7,4,8.5,0.0289488,0.0226017,0.8186571,53.128,17.606,29.738,19.864,2.947,-6.022,-7.623,-6.64,23.301,-2.435,8.505,-4.638,9.297,0.521,8,0.586,2,55.716,0,0,153.576,8,1,32,0,32,4,38,2,0
SA_FABA_00043.mol,SAF,1,0,0,0,0,4,0,-2,510.499,1.021,754.322,17.258,273.199,463.865,0,1442.238,4,8.5,0.0007228,0.0225368,0.8184005,53.426,17.684,29.449,19.897,3.017,-6.056,-7.623,-6.683,25.419,-2.397,9.344,-4.536,9.232,0.467,8,0.599,2,56.803,0,0,152.284,8,1,32,0,32,4,38,2,0
SA_FABA_00054.mol,SAF,0,0,0,0,0,7,1,-2,270.284,1.675,534.141,105.752,137.901,290.488,0,896.211,1,3.25,0.0031319,0.0060845,0.8416198,27.992,9.699,12.243,7.04,2.915,-3.704,-4.114,-5.48,487.731,-1.156,227.672,-2.366,8.959,0.679,3,0.132,3,92.127,0,0,77.233,4,0,12,0,12,0,20,0,0.23
SA_FABA_00054.mol,SAF,0,0,0,0,0,7,1,-2,270.284,2.96,533.517,105.594,137.412,290.512,0,894.653,1,3.25,0.0097963,0.0060916,0.8416272,27.93,9.68,12.31,7.035,2.909,-3.693,-4.114,-5.48,492.977,-1.152,230.32,-2.357,8.942,0.658,3,0.128,3,92.172,0,0,76.869,4,0,12,0,12,0,20,0,0.241
SA_FABA_00055.mol,SAF,1,0,0,0,0,3,0,0,388.462,6.143,700.945,338.146,55.854,306.945,0,1278.939,0,4,0.0295057,0,0.81292,46.034,12.671,17.623,7.152,5.664,-6.917,-6.601,-6.023,2925.767,-0.181,1578.701,-1.18,9.111,0.983,4,1.133,1,100,0,0,48.352,4,1,20,0,20,1,29,1,0.003
SA_FABA_00058.mol,SAF,0,0,0,0,0,3,1,1,326.305,3.066,535.713,257.417,38.045,240.251,0,942.755,0,5.5,0.0099707,0,0.8679581,31.943,8.982,13.13,7.657,2.778,-3.148,-4.525,-4.814,4316.408,0.046,2403.49,-1.086,8.656,0.459,2,-0.244,3,100,0,0,69.545,6,0,19,0,19,1,24,0,26.703
SA_FABA_00069.mol,SAF,0,0,0,0,0,1,0,0,334.371,5.711,597.897,236.752,55.839,305.306,0,1065.606,0,4,0.0306068,0,0.8438585,38.765,10.662,15.209,7.334,4.27,-5.29,-5.452,-5.515,2926.705,-0.02,1579.248,-1.377,9.108,0.985,1,0.599,3,100,0,0,48.901,4,0,20,0,20,1,25,0,0.072
SA_FABA_00072.mol,SAF,0,0,0,0,0,3,1,1,326.305,5.169,529.369,258.177,40.385,230.807,0,934.375,0,5.5,0.0285899,0,0.8731476,31.518,8.875,13.246,7.593,2.705,-3.064,-4.525,-4.685,4101.366,0.03,2274.329,-1.163,8.849,0.603,2,-0.268,3,100,0,0,70.76,6,0,19,0,19,1,24,0,29.538
SA_FABA_00073.mol,SAF,0,0,0,0,0,3,1,1,326.305,3.066,535.713,257.417,38.045,240.251,0,942.755,0,5.5,0.0099707,0,0.8679581,31.943,8.982,13.13,7.657,2.778,-3.148,-4.525,-4.814,4316.408,0.046,2403.49,-1.086,8.656,0.459,2,-0.244,3,100,0,0,69.545,6,0,19,0,19,1,24,0,26.703
SA_FABA_00074.mol,SAF,0,0,0,0,0,5,0,0,328.321,3.364,566.173,268.09,82.649,215.434,0,991.281,1,5.5,0.0114184,0.0097144,0.8492081,32.364,9.746,14.819,8.888,2.819,-3.845,-4.658,-4.999,1629.833,-0.502,838.787,-1.804,8.607,0.686,4,0.049,3,100,0,0,79.031,6,0,16,0,16,0,24,0,0.778
SA_FABA_00074.mol,SAF,0,0,0,0,0,5,0,0,328.321,5.476,564.979,268.539,80.862,215.578,0,988.983,1,5.5,0.0303194,0.0097349,0.8496863,32.273,9.714,15.039,8.874,2.818,-3.831,-4.658,-4.992,1694.659,-0.485,874.905,-1.77,8.592,0.635,4,0.043,3,100,0,0,78.193,6,0,16,0,16,0,24,0,0.88
SA_FABA_00078.mol,SAF,0,0,0,0,0,5,1,0,394.423,3.786,645.12,400.317,39.16,205.643,0,1183.295,0,5.5,0.0121105,0,0.8386611,39.955,10.937,15.823,7.251,4.306,-4.748,-5.972,-5.123,4212.593,-0.109,2341.068,-1.037,8.771,0.76,5,0.37,3,100,0,0,65.032,6,0,19,0,19,1,29,0,0.647
SA_FABA_00081.mol,SAF,2,0,0,0,0,8,0,0,404.505,4.172,790.671,434.234,39.454,316.983,0,1394.224,0,4,0.0124812,0,0.7633509,47.533,13.91,17.486,6.222,6.541,-7.804,-6.767,-6.873,4185.631,-0.37,2324.877,-0.362,8.786,0.527,8,1.256,1,100,0,0,49.982,4,1,16,0,16,0,30,2,0.003
SA_FABA_00083.mol,SAF,1,0,0,0,0,4,0,0,388.462,5.114,746.327,360.179,39.272,346.876,0,1298.354,0,4,0.0201408,0,0.7711961,46.55,13.151,17.441,7.2,5.952,-7.614,-6.601,-6.889,4202.241,-0.118,2334.851,-0.637,8.755,0.714,4,1.147,1,100,0,0,47.614,4,1,20,0,20,1,29,1,0.002
SA_FABA_00095.mol,SAF,0,0,0,0,0,2,0,1,392.407,5.524,653.36,393.259,36.179,223.922,0,1172.573,0,5.5,0.0260239,0,0.8230746,41.627,10.942,16.65,8.037,4.278,-5.393,-6.044,-5.463,4495.885,0.087,2511.69,-1.205,8.372,0.877,3,0.466,3,100,0,0,63.198,6,0,22,0,22,2,29,0,0.099
SA_FABA_00096.mol,SAF,0,0,0,0,0,4,0,0,410.423,2.899,664.863,423.472,68.131,173.259,0,1203.826,1,6.5,0.0069799,0.0097765,0.8231435,41.109,11.331,18.222,9.946,3.884,-5.524,-5.891,-5.22,2237.748,-0.348,1181.557,-1.781,8.685,0.622,6,0.443,3,100,0,0,82.561,7,0,21,0,21,5,30,0,0.031
SA_FABA_00096.mol,SAF,0,0,0,0,0,4,0,0,410.423,2.872,663.012,422.656,68.554,171.802,0,1202.901,1,6.5,0.0068574,0.0098037,0.8250182,41.058,11.314,18.209,9.934,3.875,-5.496,-5.891,-5.183,2217.197,-0.349,1169.832,-1.794,8.681,0.62,6,0.442,3,100,0,0,82.615,7,0,21,0,21,5,30,0,0.033
SA_FABA_00100.mol,SAF,1,0,0,0,0,1,1,-1,296.279,1.749,475.694,219.244,0,256.451,0,830.598,0,3.5,0.0036835,0,0.8983201,28.894,7.913,10.857,5.835,2.808,-3.456,-3.456,-4.4,9906.038,-0.969,5899.293,-0.52,8.361,0.769,3,0.051,3,100,0,0,43.724,5,0,20,0,20,2,22,0,31.338
SA_FABA_00103.mol,SAF,0,0,0,0,0,3,2,-1,344.32,4.14,547.073,303.851,74.898,168.324,0,980.399,0,9.4,0.0174799,0,0.8724127,32.763,9.113,15.716,11.287,0.792,-1.174,-2.905,-4.399,1930.387,-0.273,1007.158,-2.019,8.844,0.512,3,-1.178,3,90.391,0,0,94.882,7,0,19,0,19,4,25,0,220.848
SA_FABA_00103.mol,SAF,0,0,0,0,0,3,2,-1,344.32,5.42,550.488,312.622,70.663,167.203,0,987.089,0,9.4,0.0297622,0,0.8709394,33.02,9.133,15.949,11.259,0.864,-1.239,-2.905,-4.418,2117.391,-0.238,1113.018,-1.945,8.935,0.606,3,-1.158,3,91.529,0,0,93.13,7,0,19,0,19,4,25,0,225.664
SA_FABA_00105.mol,SAF,0,0,0,0,0,3,0,0,364.397,4.131,662.362,339.887,40.218,282.257,0,1152.79,0,4.75,0.0148018,0,0.8027301,40.75,11.202,15.778,7.524,4.555,-5.793,-5.742,-6.07,4116.368,-0.033,2283.322,-0.978,8.868,0.719,2,0.567,3,100,0,0,56.766,5,0,20,0,20,1,27,1,0.062
SA_FABA_00113.mol,SAF,0,0,0,0,0,8,1,-2,416.384,6.172,667.078,116.044,260.879,290.156,0,1190.847,4,11.5,0.0319913,0.0344787,0.814502,39.138,14.078,25.909,20.494,0.328,-3.375,-4.107,-5.917,33.265,-2.54,12.497,-4.537,9.142,0.764,5,-0.584,2,56.105,0,0,155.57,9,0,22,0,22,5,30,0,0.005
SA_FABA_00113.mol,SAF,0,0,0,0,0,8,1,-2,416.384,4.984,676.023,120.318,254.994,300.711,0,1197.674,4,11.5,0.0207369,0.0340225,0.8067944,39.512,14.183,25.844,20.547,0.405,-3.499,-4.107,-6.092,37.826,-2.53,14.359,-4.392,9.16,0.66,5,-0.584,2,57.557,0,0,156.793,9,0,22,0,22,5,30,0,0.005
SA_FABA_00115.mol,SAF,0,0,0,0,0,4,0,-2,270.241,4.123,484.466,0,188.477,295.989,0,812.16,2,3.75,0.0209324,0.0109467,0.8689519,26.607,9.608,14.152,9.921,1.695,-3.074,-4.101,-5.064,161.647,-1.342,69.009,-3.566,9.065,0.421,3,-0.092,3,76.401,0,0,100.213,5,0,16,0,16,0,20,0,0.062
SA_FABA_00115.mol,SAF,0,0,0,0,0,4,0,-2,270.241,5.961,482.811,0,186.427,296.383,0,809.254,2,3.75,0.0439147,0.0109842,0.8698508,26.494,9.573,14.42,9.906,1.693,-3.047,-4.101,-5.051,169.048,-1.32,72.43,-3.527,9.049,0.338,3,-0.099,3,76.734,0,0,99.299,5,0,16,0,16,0,20,0,0.072
SA_FABA_00116.mol,SAF,0,0,0,0,0,4,0,0,312.321,3.939,564.97,279.889,40.422,244.658,0,974.65,0,4.75,0.0159186,0,0.8414709,32.62,9.242,12.953,6.814,3.347,-3.785,-4.461,-5.264,4098.021,-0.058,2272.324,-1.019,8.885,0.586,3,0.007,3,100,0,0,59.412,5,0,16,0,16,0,23,0,4.908
SA_FABA_00117.mol,SAF,0,0,0,0,0,3,0,0,268.268,2.739,500.33,93.296,95.162,311.872,0,846.442,1,4,0.0088624,0.0079947,0.8649144,28.773,9.157,13.017,8.435,2.631,-3.513,-4.034,-5.205,1240.161,-0.465,624.293,-1.887,9.055,0.544,2,0.04,3,100,0,0,66.366,4,0,16,0,16,0,20,0,1.068
SA_FABA_00117.mol,SAF,0,0,0,0,0,3,0,0,268.268,5.28,498.708,93.288,93.088,312.332,0,843.595,1,4,0.0330466,0.0080207,0.8657809,28.663,9.122,13.302,8.42,2.628,-3.485,-4.034,-5.193,1297.613,-0.445,655.611,-1.847,9.038,0.476,2,0.033,3,100,0,0,65.44,4,0,16,0,16,0,20,0,1.249
SA_FABA_00119.mol,SAF,0,0,0,0,0,4,0,-1,328.278,7.461,526.62,167.093,142.896,216.631,0,913.375,2,6,0.0609469,0.0161127,0.8645038,29.9,9.709,16.722,11.389,1.688,-3.133,-4.503,-4.758,437.34,-0.952,202.357,-3.006,8.679,1.158,5,-0.176,3,84.096,0,0,104.393,7,0,17,0,17,0,24,0,0.199
SA_FABA_00119.mol,SAF,0,0,0,0,0,4,0,-1,328.278,6.893,525.036,167.198,140.781,217.056,0,910.598,2,6,0.0521856,0.0161613,0.8653544,29.793,9.674,16.556,11.373,1.687,-3.11,-4.503,-4.746,458.005,-0.931,212.712,-2.965,8.63,1.057,5,-0.182,3,84.451,0,0,104.65,7,0,17,0,17,0,24,0,0.232
SA_FABA_00119.mol,SAF,0,0,0,0,0,4,0,-1,328.278,9.522,522.611,167.687,141.053,213.871,0,910.281,2,6,0.0996041,0.0162363,0.8691678,29.75,9.668,17.199,11.348,1.684,-3.074,-4.503,-4.669,455.294,-0.922,211.351,-2.982,8.656,1.1,5,-0.18,3,84.384,0,0,104.828,7,0,17,0,17,0,24,0,0.244
SA_FABA_00120.mol,SAF,0,0,0,0,0,4,0,-1,328.278,3.621,505.918,167.326,126.383,212.209,0,895.807,2,6,0.0146368,0.0167721,0.8883033,29.154,9.513,15.802,11.197,1.707,-2.839,-4.503,-4.351,627.209,-0.745,298.797,-2.717,8.749,0.703,5,-0.198,3,87.012,0,0,101.821,7,0,17,0,17,0,24,0,0.821
SA_FABA_00120.mol,SAF,0,0,0,0,0,4,0,-1,328.278,6.404,504.094,167.173,124.301,212.62,0,892.733,2,6,0.0459362,0.0168327,0.8894763,29.035,9.479,16.182,11.181,1.705,-2.813,-4.503,-4.334,656.377,-0.725,313.845,-2.677,8.736,0.681,5,-0.205,3,87.353,0,0,100.941,7,0,17,0,17,0,24,0,0.961
SA_FABA_00122.mol,SAF,1,0,0,0,0,5,0,-2,526.498,3.757,764.358,17.544,312.772,434.042,0,1456.103,4,8.25,0.0096943,0.0215868,0.8128238,53.054,17.896,29.402,19.52,2.879,-6.119,-8.031,-6.631,10.712,-2.894,3.672,-5.275,9.243,0.446,9,0.623,2,49.274,0,0,172.979,9,1,32,0,32,4,39,3,0
SA_FABA_00122.mol,SAF,1,0,0,0,0,5,0,-2,526.498,4.376,766.183,18.536,312.015,435.632,0,1449.199,4,8.25,0.0132141,0.0215353,0.8083222,52.793,17.857,29.334,19.53,2.838,-6.149,-8.031,-6.711,10.891,-2.922,3.738,-5.255,9.223,0.425,9,0.601,2,49.167,0,0,172.287,9,1,32,0,32,4,39,3,0
SA_FABA_00122.mol,SAF,1,0,0,0,0,5,0,-2,526.498,6.949,767.058,18.379,313.236,435.442,0,1447.68,4,8.25,0.0333598,0.0215108,0.8068359,52.73,17.857,29.586,19.539,2.819,-6.163,-8.031,-6.734,10.604,-2.946,3.632,-5.278,9.192,0.585,9,0.595,2,48.844,0,0,172.724,9,1,32,0,32,4,39,3,0
SA_FABA_00123.mol,SAF,3,0,0,0,0,6,2,-2,542.498,8.973,736.693,10.963,349.241,376.489,0,1423.591,6,9.5,0.0565547,0.0315873,0.830747,50.561,17.858,32.876,23.25,1.582,-4.974,-7.662,-6.066,4.831,-3.172,1.553,-6.054,9.073,0.113,10,0.216,1,22.532,0,0,194.293,10,2,32,0,32,4,40,2,0
SA_FABA_00123.mol,SAF,3,0,0,0,0,6,2,-2,542.498,12.003,738.402,10.933,351.387,376.083,0,1426.488,6,9.5,0.100994,0.0315142,0.8299477,50.673,17.898,33.532,23.266,1.582,-4.999,-7.662,-6.077,4.61,-3.199,1.476,-6.095,9.105,0.223,10,0.221,1,22.17,0,0,195.218,10,2,32,0,32,4,40,2,0
SA_FABA_00123.mol,SAF,3,0,0,0,0,6,2,-2,542.498,9.675,738.707,10.902,350.416,377.389,0,1424.413,6,9.5,0.0657152,0.0315012,0.8288014,50.602,17.885,33.015,23.269,1.576,-5.004,-7.662,-6.102,4.709,-3.199,1.51,-6.072,9.102,0.138,10,0.214,1,22.301,0,0,194.449,10,2,32,0,32,4,40,2,0
SA_FABA_00123.mol,SAF,3,0,0,0,0,6,2,-2,542.498,12.35,742.583,10.212,351.014,381.357,0,1424.872,6,9.5,0.1070454,0.0313368,0.8246517,50.659,17.932,33.592,23.31,1.572,-5.061,-7.662,-6.188,4.648,-3.239,1.489,-6.069,8.985,0.193,10,0.209,1,22.177,0,0,194.442,10,2,32,0,32,4,40,2,0
SA_FABA_00123.mol,SAF,4,0,0,0,0,6,2,-2,542.498,12.693,740.806,10.96,352.327,377.518,0,1428.101,6,9.5,0.1128215,0.0314119,0.8278782,50.751,17.934,33.72,23.288,1.583,-5.035,-7.662,-6.117,4.516,-3.225,1.444,-6.107,9.151,0.239,10,0.221,1,22.017,0,0,195.343,10,2,32,0,32,4,40,2,0
SA_FABA_00123.mol,SAF,3,0,0,0,0,6,2,-2,542.498,9.405,741.148,10.816,353.23,377.102,0,1429.671,6,9.5,0.061868,0.0313975,0.8281032,50.81,17.951,33.048,23.292,1.586,-5.04,-7.662,-6.112,4.428,-3.232,1.413,-6.125,9.192,0.205,10,0.225,1,21.881,0,0,195.749,10,2,32,0,32,4,40,2,0
SA_FABA_00123.mol,SAF,3,0,0,0,0,6,2,-2,542.498,9.739,732.95,10.735,351.1,371.115,0,1421.035,6,9.5,0.0667437,0.0317486,0.8339891,50.407,17.803,32.975,23.217,1.553,-4.92,-7.662,-5.988,4.639,-3.164,1.486,-6.107,9.008,0.184,10,0.215,1,22.049,0,0,194.797,10,2,32,0,32,4,40,2,0
SA_FABA_00123.mol,SAF,3,0,0,0,0,6,2,-2,542.498,10.32,741.384,10.928,351.282,379.174,0,1426.961,6,9.5,0.0746354,0.0313874,0.8267923,50.721,17.931,33.178,23.294,1.584,-5.043,-7.662,-6.143,4.621,-3.224,1.48,-6.082,9.143,0.159,10,0.217,1,22.199,0,0,194.53,10,2,32,0,32,4,40,2,0
SA_FABA_00123.mol,SAF,4,0,0,0,0,6,2,-2,542.498,10.546,744.682,9.32,353.612,381.75,0,1433.809,6,9.5,0.0775706,0.0312484,0.825762,51.02,18.029,33.337,23.335,1.609,-5.092,-7.662,-6.172,4.391,-3.255,1.4,-6.116,8.998,0.144,10,0.231,1,21.952,0,0,194.034,10,2,32,0,32,4,40,2,0
SA_FABA_00125.mol,SAF,4,0,0,1,0,2,1,-1,498.745,3.871,778.529,655.098,105.126,18.304,0,1549.988,1,4,0.0096687,0.0051379,0.8319731,54.767,13.564,21.873,7.396,7.197,-8.662,-7.823,-2.531,252.69,-0.57,142.251,-3.2,9.404,-1.022,2,1.84,1,100,0,0,77.512,4,1,22,0,22,20,36,1,0
SA_FABA_00125.mol,SAF,4,0,0,1,0,2,1,-1,498.745,3.075,776.143,652.561,105.382,18.2,0,1548.946,1,4,0.0061065,0.0051537,0.8341562,54.724,13.548,21.82,7.391,7.189,-8.619,-7.823,-2.495,251.28,-0.567,141.394,-3.206,9.4,-1.027,2,1.837,1,100,0,0,79.007,4,1,22,0,22,20,36,1,0
SA_FABA_00128.mol,SAF,0,0,0,0,0,5,1,-2,478.454,4.514,698.916,207.605,222.007,269.304,0,1295.477,4,7,0.0157271,0.020031,0.8222932,45.052,14.622,25.269,16.394,2.806,-5.378,-7.18,-5.692,77.734,-1.927,31.277,-4.182,9.177,0.394,5,0.424,3,77.211,0,0,146.167,9,0,26,0,26,4,35,0,0
SA_FABA_00128.mol,SAF,0,0,0,0,0,5,1,-2,478.454,3.262,682.761,206.99,228.405,247.366,0,1280.672,4,7,0.0083077,0.020505,0.8353237,44.25,14.364,24.931,16.249,2.66,-5.12,-7.18,-5.376,67.598,-1.92,26.893,-4.378,9.251,0.366,5,0.401,3,75.273,0,0,149.403,9,0,26,0,26,4,35,0,0
SA_FABA_00128.mol,SAF,0,0,0,0,0,5,1,-2,478.454,3.321,698.581,207.026,222.178,269.377,0,1294.411,4,7,0.00852,0.0200406,0.8222362,45.01,14.614,25.156,16.394,2.798,-5.373,-7.18,-5.693,77.443,-1.929,31.151,-4.185,9.175,0.622,5,0.421,3,77.137,0,0,146.691,9,0,26,0,26,4,35,0,0
SA_FABA_00128.mol,SAF,0,0,0,0,0,5,1,-2,478.454,2.358,682.379,206.967,227.491,247.921,0,1279.149,4,7,0.0043462,0.0205164,0.8351283,44.195,14.347,24.852,16.246,2.658,-5.114,-7.18,-5.382,68.961,-1.912,27.48,-4.359,9.202,0.558,5,0.397,3,75.414,0,0,148.935,9,0,26,0,26,4,35,0,0
SA_FABA_00128.mol,SAF,0,0,0,0,0,5,1,-2,478.454,2.352,694.038,208.656,224.643,260.74,0,1296.643,4,7,0.0042657,0.0201718,0.8285686,45.017,14.582,25.125,16.342,2.791,-5.3,-7.18,-5.549,73.386,-1.919,29.391,-4.261,9.176,0.581,5,0.433,3,76.679,0,0,147.681,9,0,26,0,26,4,35,0,0
SA_FABA_00128.mol,SAF,0,0,0,0,0,5,1,-2,478.454,2.573,682.478,209.901,230.193,242.384,0,1282.982,4,7,0.0051601,0.0205135,0.8366754,44.295,14.361,24.911,16.227,2.657,-5.115,-7.18,-5.331,65.01,-1.93,25.783,-4.428,9.228,0.322,5,0.408,3,74.953,0,0,149.43,9,0,26,0,26,4,35,0,0
SA_FABA_00132.mol,SAF,0,0,0,0,0,5,0,-1,352.386,6.274,635.973,242.795,124.785,268.393,0,1142.128,1,3.75,0.0344678,0.0058965,0.8308762,38.907,11.822,16.755,7.98,4.332,-5.679,-5.831,-5.549,649.474,-0.943,310.278,-2.394,8.821,0.662,3,0.789,3,100,0,0,78.829,5,0,16,0,16,0,26,0,0.003
SA_FABA_00133.mol,SAF,0,0,0,0,0,5,1,-2,336.343,5.18,611.359,181.154,140.307,289.899,0,1066.068,0,5,0.0251658,0,0.8255152,36.068,11.123,14.924,7.939,3.166,-4.37,-4.856,-5.738,462.779,-1.11,215.109,-2.604,9.05,0.961,2,0.163,3,93.19,0,0,86.562,5,0,16,0,16,0,25,0,0.036
SA_FABA_00134.mol,SAF,0,0,0,0,0,5,0,0,334.371,4.563,613.867,198.919,94.294,320.654,0,1087.269,0,3,0.0191516,0,0.8330065,37.21,11.23,14.017,5.871,4.65,-5.465,-5.741,-5.763,1263.881,-0.644,637.21,-1.648,8.516,0.848,3,0.76,3,100,0,0,57.563,4,0,16,0,16,0,25,0,0.026
SA_FABA_00135.mol,SAF,0,0,0,0,0,2,1,-1,422.434,6.405,674.716,318.882,109.814,246.02,0,1255.828,0,8.5,0.032662,0,0.8343162,45.17,12.385,20.076,11.695,2.877,-4.227,-5.166,-5.386,900.609,-0.609,441.783,-2.485,9.271,0.876,3,-0.095,3,96.67,0,0,101.578,7,0,21,0,21,3,31,0,0.082
SA_FABA_00135.mol,SAF,0,0,0,0,0,2,1,-1,422.434,6.404,674.72,318.884,109.815,246.022,0,1255.833,0,8.5,0.0326604,0,0.8343134,45.17,12.385,20.076,11.695,2.877,-4.227,-5.166,-5.386,900.585,-0.609,441.77,-2.485,9.271,0.876,3,-0.095,3,96.67,0,0,101.578,7,0,21,0,21,3,31,0,0.082
SA_FABA_00143.mol,SAF,1,0,0,0,0,8,0,-1,478.627,6.043,732.749,466.704,94.469,171.575,0,1480.965,1,6.2,0.0246596,0.0084613,0.857511,49.616,13.919,21.535,9.099,5.56,-5.998,-7.109,-4.656,1259.059,-0.775,634.582,-1.888,9.43,0.276,13,1.101,1,100,0,0,83.256,5,1,16,0,16,5,35,2,0.006
SA_FABA_00144.mol,SAF,2,0,0,0,0,8,0,-1,478.627,6.648,769.862,511.483,111.023,147.356,0,1532.858,1,6.2,0.028831,0.0080534,0.835129,51.461,14.358,22.209,9.136,5.738,-6.661,-7.109,-4.903,877.134,-0.98,429.35,-2.278,9.507,0.582,13,1.234,1,100,0,0,84.872,5,1,16,0,16,5,35,2,0.001
SA_FABA_00145.mol,SAF,1,0,0,0,0,5,2,-1,380.483,7.678,687.475,397.045,106.232,184.199,0,1267.013,0,5.45,0.0465243,0,0.8236872,43.1,12.035,17.638,7.614,4.387,-5.577,-5.265,-5.263,973.882,-0.782,480.758,-2.348,9.583,0.577,9,0.626,3,100,0,0,79.623,4,0,15,0,15,4,28,1,0.005
SA_FABA_00145.mol,SAF,1,0,0,0,0,5,2,-1,380.483,7.367,686.42,397.227,105.995,183.197,0,1263.837,0,5.45,0.0429395,0,0.8235743,42.964,11.997,17.536,7.603,4.367,-5.557,-5.265,-5.26,978.916,-0.78,483.445,-2.348,9.709,0.69,9,0.617,3,100,0,0,79.705,4,0,15,0,15,4,28,1,0.005
SA_FABA_00146.mol,SAF,1,0,0,0,0,4,1,0,368.385,0.703,592.116,330.699,68.121,193.296,0,1070.051,2,4.5,0.000462,0.0107478,0.854466,35.947,10.48,16.804,9.402,3.716,-4.702,-5.76,-4.809,2238.241,-0.3,1181.838,-1.71,8.959,0.252,6,0.447,3,100,0,0,78.486,6,0,20,0,20,4,27,0,0.143
SA_FABA_00147.mol,SAF,8,0,0,0,0,8,0,-1,660.805,4.805,1006.736,536.654,73.426,396.655,0,2042.219,1,5.5,0.0113066,0.0054632,0.7732462,74.227,20.626,29.703,10.457,9.839,-11.257,-12.147,-7.093,1993.414,-0.737,1042.748,-0.707,8.729,0.222,16,2.788,1,100,0,0,80.732,7,2,32,0,32,5,49,2,0
SA_FABA_00160.mol,SAF,0,0,0,0,0,2,1,1,312.278,2.975,480.025,204.146,45.355,230.524,0,850.614,1,4.25,0.0104045,0.0088537,0.9044598,28.805,8.51,12.948,7.961,2.824,-3.246,-4.93,-4.177,3679.546,0.073,2022.584,-1.351,8.434,0.839,4,0.065,3,100,0,0,64.723,6,0,20,0,20,2,23,0,7.889
SA_GUNN_00001.mol,SAF,1,0,0,0,0,10,3,-2,506.419,8.203,713.546,364.416,275.001,74.129,0,1335.674,4,16.5,0.0503746,0.0462479,0.8220096,41.587,13.986,29.452,23.716,-0.991,-2.488,-3.944,-4.766,24.438,-2.753,8.955,-5.367,9.085,1.332,7,-1.076,2,20.07,0,0,202.771,13,2,22,0,22,5,36,1,0.007
SA_GUNN_00003.mol,SAF,0,0,0,0,0,11,2,-2,356.329,3.502,593.86,201.207,248.556,144.097,0,1062.231,5,12,0.0115464,0.0451838,0.8478008,30.669,11.997,24.075,20.535,-0.666,-1.905,-2.287,-4.682,43.535,-2.405,16.715,-4.537,9.014,0.605,5,-0.939,2,52.38,0,0,153.787,9,0,12,0,12,5,25,0,0.129
SA_GUNN_00003.mol,SAF,0,0,0,0,0,11,2,-2,356.329,3.714,599.781,198.801,254.719,146.26,0,1063.566,5,12,0.0129666,0.0447377,0.8401338,30.744,12.052,24.128,20.606,-0.717,-1.973,-2.287,-4.816,38.054,-2.505,14.452,-4.643,8.958,0.699,5,-0.955,2,51.035,0,0,152.003,9,0,12,0,12,5,25,0,0.086
SA_GUNN_00004.mol,SAF,0,0,0,1,0,11,2,-2,342.302,1.611,530.826,112.005,284.623,134.198,0,959.833,6,12,0.0027046,0.0553738,0.8864955,26.477,11.584,24.195,22.026,-0.927,-1.328,-2.042,-2.201,5.017,-2.514,2.057,-5.236,8.98,0.55,5,-1.14,2,21.095,0,0,169.555,9,1,12,0,12,5,24,1,0.093
SA_GUNN_00006.mol,SAF,3,0,0,2,0,9,0,-2,210.14,8.858,384.462,46.517,337.945,0,0,614.742,4,8.8,0.1276307,0.0457782,0.9094391,12.669,7.302,16.534,15.484,-1.456,-0.399,-0.685,0.618,0.397,-2.703,0.168,-6.884,10.883,-0.48,4,-1.409,1,0,0,0,177.227,8,1,0,0,0,0,14,1,0.011
SA_GUNN_00007.mol,SAF,0,0,0,1,0,4,2,-2,180.16,3.025,369.576,38.386,190.062,141.129,0,596.907,2,4.75,0.0153349,0.0181763,0.9276823,16.514,6.788,10.944,9.587,0.448,-1.096,-1.558,-1.568,39.55,-1.15,19.163,-4.141,9.433,0.566,2,-0.832,2,58.155,0,0,97.506,4,0,6,0,6,0,13,0,1.043
SA_HYAC_00001.mol,SAF,0,0,0,0,0,2,1,-1,386.53,5.992,619.162,382.702,154.308,82.153,0,1180.417,2,5.9,0.0304181,0.013476,0.8724039,40.587,11.351,20.013,11.117,3.149,-5.079,-4.94,-3.988,340.879,-0.909,154.578,-3.882,9.58,0.597,3,0.597,3,90.713,0,0,82.534,4,0,23,0,23,17,28,0,0
SA_HYAC_00002.mol,SAF,0,0,0,0,0,8,2,-2,548.672,7.125,816.878,460.96,273.348,82.569,0,1594.449,5,14.4,0.0318407,0.0394176,0.8080072,53.308,16.604,33.74,23.848,1.138,-4.787,-4.768,-5.032,25.336,-2.71,9.311,-5.498,9.626,0.705,6,-0.159,2,45.777,0,0,159.867,9,1,29,0,29,22,39,0,0
SA_HYAC_00004.mol,SAF,0,0,0,0,0,6,0,-2,316.31,5.649,545.387,185.904,170.347,189.137,0,952.857,2,4.75,0.0334855,0.012317,0.8586414,29.933,10.068,15.699,9.761,2.187,-3.516,-4.525,-4.721,240.161,-1.339,105.864,-3.417,8.844,0.405,6,0.023,3,82.36,0,0,103.103,6,0,16,0,16,2,23,0,0.037
SA_HYAC_00004.mol,SAF,0,0,0,0,0,6,0,-2,316.31,5.203,542.125,185.951,170.529,185.644,0,947.543,2,4.75,0.0285684,0.0123911,0.8605949,29.687,10.001,15.545,9.731,2.151,-3.462,-4.525,-4.673,239.206,-1.333,105.408,-3.432,8.733,0.332,6,0.011,3,82.113,0,0,102.719,6,0,16,0,16,2,23,0,0.04
SA_HYAC_00006.mol,SAF,0,0,0,0,0,4,0,-1,328.321,3.174,553.773,276.646,127.289,149.837,0,973.873,1,4.75,0.0103476,0.0085775,0.8580289,31.683,9.461,14.334,8.198,2.71,-4.029,-4.576,-4.544,614.918,-0.83,292.474,-2.954,8.692,0.379,5,0.192,3,92.731,0,0,91.608,6,0,17,4,13,3,24,0,0.034
SA_HYAC_00006.mol,SAF,0,0,0,0,0,4,0,-1,328.321,3.832,553.755,276.437,126.435,150.883,0,972.564,1,4.75,0.0150974,0.0085778,0.8572872,31.641,9.447,14.379,8.199,2.709,-4.028,-4.576,-4.561,626.49,-0.825,298.427,-2.934,8.818,0.481,5,0.188,3,92.867,0,0,91.13,6,0,17,4,13,3,24,0,0.036
SA_HYAC_00007.mol,SAF,0,0,0,0,0,4,0,-2,314.294,2.778,535.404,184.113,185.685,165.606,0,924.844,2,4.75,0.0083469,0.0125466,0.8574239,29.871,9.732,15.427,10.123,1.881,-3.676,-4.241,-4.629,171.81,-1.361,73.71,-3.974,8.705,0.4,5,0.037,3,77.963,0,0,105.962,6,0,17,4,13,3,23,0,0.007
SA_HYAC_00007.mol,SAF,0,0,0,0,0,4,0,-2,314.294,4.377,533.95,184.026,183.565,166.359,0,922.093,2,4.75,0.0207728,0.0125808,0.8580533,29.769,9.698,15.553,10.11,1.88,-3.652,-4.241,-4.622,179.952,-1.34,77.493,-3.933,8.692,0.265,5,0.03,3,78.318,0,0,105.042,6,0,17,4,13,3,23,0,0.008
SA_HYAC_00007.mol,SAF,0,0,0,0,0,4,0,-2,314.294,3.458,535.41,183.891,184.81,166.71,0,923.876,2,4.75,0.0129434,0.0125465,0.8568153,29.843,9.722,15.475,10.124,1.882,-3.676,-4.241,-4.644,175.124,-1.356,75.248,-3.954,8.708,0.321,5,0.034,3,78.117,0,0,105.496,6,0,17,4,13,3,23,0,0.007
SA_HYAC_00008.mol,SAF,0,0,0,0,0,2,0,0,236.353,2.721,479.68,389.356,68.228,22.096,0,855.642,1,3.7,0.0086528,0.0077135,0.9086745,27.016,7.278,11.789,6.156,2.671,-3.414,-2.635,-3.115,2233.041,-0.108,1178.87,-2.507,10.196,-0.55,4,0.177,3,100,0,0,44.517,2,0,10,0,10,8,17,0,0.284
SA_HYAC_00008.mol,SAF,0,0,0,0,0,2,0,0,236.353,5.123,473.451,386.717,60.742,25.992,0,845.39,1,3.7,0.0310482,0.007815,0.9132616,26.643,7.187,11.943,6.116,2.665,-3.306,-2.635,-3.059,2629.568,-0.043,1406.68,-2.355,10.238,-0.517,4,0.152,3,100,0,0,40.78,2,0,10,0,10,8,17,0,0.516
SA_HYAC_00009.mol,SAF,0,0,0,0,0,1,1,0,366.499,7.097,594.149,324.002,83.341,186.806,0,1137.545,1,3.25,0.0442801,0.00547,0.8869834,40.512,11.018,17.176,7.432,4.718,-5.757,-5.897,-4.252,1605.371,-0.203,825.188,-2.301,8.984,0.537,4,1.061,3,100,0,0,56.194,3,0,23,0,23,13,27,1,0.003
SA_HYAC_00010.mol,SAF,13,0,0,0,0,16,4,-2,838.942,5.279,1080.14,644.81,351.11,84.221,0,2232.183,9,27.05,0.0124833,0.0751291,0.7647239,73.709,23.892,53.452,41.576,-1.013,-3.813,-5.375,-5.741,4.638,-4.404,1.486,-6.158,9.503,0.586,12,-1.221,1,0,0,0,258.05,17,3,41,0,41,30,59,2,0
SA_HYAC_00010.mol,SAF,13,0,0,0,0,16,4,-2,838.942,6.623,1035.672,596.95,351.168,87.554,0,2207.58,9,27.05,0.0198726,0.0783549,0.7916876,72.756,23.327,53.393,41.492,-1.027,-3.293,-5.375,-5.32,4.632,-4.136,1.484,-6.147,9.528,0.609,12,-1.153,1,0,0,0,263.178,17,3,41,0,41,30,59,2,0
SA_HYAC_00019.mol,SAF,0,0,0,0,0,5,0,-1,300.31,3.773,531.362,185.74,124.179,221.443,0,926.884,1,4,0.0153552,0.0075278,0.8652166,29.844,9.519,13.431,7.65,2.828,-3.729,-4.545,-4.769,658.13,-0.844,314.751,-2.548,8.946,0.327,5,0.168,3,93.947,0,0,83.378,5,0,16,0,16,2,22,0,0.159
SA_HYAC_00019.mol,SAF,0,0,0,0,0,5,0,-1,300.31,4.86,528.655,185.389,122.468,220.797,0,923.886,1,4,0.0255682,0.0075664,0.8677709,29.718,9.484,13.524,7.628,2.821,-3.682,-4.545,-4.725,683.175,-0.822,327.717,-2.519,8.92,0.218,5,0.161,3,94.197,0,0,82.491,5,0,16,0,16,2,22,0,0.189
SA_HYAC_00019.mol,SAF,0,0,0,0,0,5,0,-2,300.31,3.314,576.663,213.064,141.673,221.925,0,972.324,1,4,0.0112932,0.0069365,0.8230949,31.667,9.951,13.974,7.882,2.978,-4.528,-4.545,-5.453,449.17,-1.132,208.28,-2.869,8.95,0.261,5,0.274,3,91.854,0,0,82.93,5,0,16,0,16,2,22,0,0.012
SA_HYAC_00020.mol,SAF,0,0,0,0,0,6,0,-2,316.31,3.588,529.682,168.785,151.783,209.115,0,938.803,2,4.75,0.0137125,0.0126822,0.8753849,29.561,10.015,15.286,9.733,2.264,-3.255,-4.525,-4.546,360.197,-1.119,164.068,-3.004,9.146,0.405,5,-0.002,3,85.958,0,0,101.058,6,0,16,0,16,2,23,0,0.174
SA_HYAC_00020.mol,SAF,0,0,0,0,0,6,0,-2,316.31,5.357,529.547,168.792,151.865,208.891,0,938.729,2,4.75,0.0305723,0.0126854,0.8755625,29.556,10.014,15.516,9.732,2.263,-3.253,-4.525,-4.542,359.556,-1.119,163.752,-3.006,9.147,0.438,5,-0.002,3,85.937,0,0,101.08,6,0,16,0,16,2,23,0,0.174
SA_HYAC_00020.mol,SAF,0,0,0,0,0,6,0,-2,316.31,6.862,540.005,152.346,158.329,229.331,0,941.276,2,4.75,0.050029,0.0124397,0.8601577,29.853,10.16,15.905,9.94,2.248,-3.427,-4.525,-4.888,312.226,-1.225,140.583,-3.054,9.024,0.396,5,-0.005,3,84.751,0,0,102.63,6,0,16,0,16,2,23,0,0.105
SA_HYAC_00020.mol,SAF,0,0,0,0,0,6,0,-2,316.31,5.514,527.41,168.156,149.978,209.276,0,935.248,2,4.75,0.0325098,0.0127368,0.8769358,29.421,9.977,15.489,9.716,2.256,-3.218,-4.525,-4.521,374.679,-1.098,171.209,-2.97,9.116,0.306,5,-0.01,3,86.217,0,0,100.191,6,0,16,0,16,2,23,0,0.205
SA_HYAC_00020.mol,SAF,0,0,0,0,0,6,0,-2,316.31,4.778,528.016,168.257,150.996,208.764,0,936.183,2,4.75,0.0243882,0.0127222,0.8765131,29.453,9.987,15.392,9.721,2.253,-3.228,-4.525,-4.526,366.442,-1.108,167.144,-2.991,9.146,0.361,5,-0.007,3,86.031,0,0,100.678,6,0,16,0,16,2,23,0,0.191
SA_HYAC_00020.mol,SAF,0,0,0,0,0,6,0,-2,316.31,4.78,528.013,168.257,150.999,208.757,0,936.174,2,4.75,0.0244035,0.0127222,0.8765122,29.453,9.987,15.392,9.721,2.253,-3.228,-4.525,-4.526,366.417,-1.108,167.132,-2.991,9.146,0.361,5,-0.007,3,86.03,0,0,100.678,6,0,16,0,16,2,23,0,0.191
SA_HYAC_00021.mol,SAF,0,0,0,0,0,6,0,-2,330.337,5.136,572.921,241.843,131.412,199.666,0,1013.04,2,5.75,0.0260339,0.0141935,0.8514417,32.442,10.422,16.832,10.619,2.458,-3.702,-4.442,-4.888,561.983,-1.007,265.357,-2.662,9.226,0.581,6,0.012,3,90.553,0,0,91.184,6,0,16,0,16,2,24,0,0.143
SA_HYAC_00021.mol,SAF,0,0,0,0,0,6,0,-2,330.337,3.568,570.563,238.547,132.176,199.84,0,1010.104,2,5.75,0.012603,0.0142521,0.853307,32.326,10.407,16.617,10.62,2.436,-3.663,-4.442,-4.859,552.676,-1.008,260.61,-2.675,9.195,0.447,6,0.006,3,90.296,0,0,90.319,6,0,16,0,16,2,24,0,0.151
SA_HYAC_00022.mol,SAF,0,0,0,0,0,6,0,-2,316.31,3.88,543.824,158.54,181.996,203.287,0,954.148,2,4.75,0.0157743,0.0123524,0.8618873,30.12,10.275,15.613,9.933,2.133,-3.49,-4.525,-4.736,186.221,-1.431,80.415,-3.582,9.15,0.493,6,0.029,3,80.066,0,0,105.727,6,0,16,0,16,2,23,0,0.027
SA_HYAC_00022.mol,SAF,0,0,0,0,0,6,0,-2,316.31,2.142,534.452,169.472,168.551,196.429,0,950.456,2,4.75,0.0048257,0.012569,0.8747374,29.907,10.152,15.349,9.772,2.204,-3.334,-4.525,-4.496,249.764,-1.267,110.446,-3.358,9.023,0.328,6,0.027,3,82.761,0,0,102.946,6,0,16,0,16,2,23,0,0.064
SA_HYAC_00022.mol,SAF,0,0,0,0,0,6,0,-2,316.31,2.667,533.625,169.182,168.776,195.667,0,950.983,2,4.75,0.0074801,0.0125884,0.8764164,29.92,10.161,15.395,9.767,2.206,-3.321,-4.525,-4.465,248.542,-1.263,109.862,-3.365,8.987,0.55,6,0.03,3,82.734,0,0,103.294,6,0,16,0,16,2,23,0,0.065
SA_HYAC_00023.mol,SAF,0,0,0,0,0,6,0,-1,328.321,3.57,560.559,218.175,129.506,212.878,0,984.763,1,4.75,0.0129408,0.0084737,0.8539486,31.437,10.011,14.319,8.217,2.835,-3.821,-4.885,-4.91,585.866,-0.982,277.567,-2.58,9.122,0.679,5,0.134,3,93.086,0,0,92.518,6,0,16,0,16,1,24,0,0.13
SA_HYAC_00023.mol,SAF,0,0,0,0,0,6,0,-2,328.321,4.157,571.353,232.736,127.687,210.93,0,990.73,1,4.75,0.0174428,0.0083136,0.8411967,31.657,10.003,14.405,8.217,2.878,-4.01,-4.885,-5.108,609.604,-1.001,289.742,-2.554,9.074,0.624,5,0.145,3,93.641,0,0,91.721,6,0,16,0,16,1,24,0,0.09
SA_HYAC_00024.mol,SAF,0,0,0,0,0,6,0,-2,316.31,5.663,540.225,169.498,163.683,207.045,0,949.431,2,4.75,0.0337806,0.0124346,0.8647665,29.967,10.139,15.729,9.825,2.237,-3.43,-4.525,-4.708,277.777,-1.257,123.894,-3.231,9.12,0.463,6,0.019,3,83.783,0,0,105.128,6,0,16,0,16,2,23,0,0.069
SA_HYAC_00024.mol,SAF,0,0,0,0,0,6,0,-2,316.31,5.253,528.758,176.544,155.029,197.185,0,941.803,2,4.75,0.0293011,0.0127043,0.8787829,29.567,9.998,15.509,9.672,2.248,-3.24,-4.525,-4.434,335.554,-1.136,151.969,-3.106,8.983,0.308,6,0.008,3,85.314,0,0,102.452,6,0,16,0,16,2,23,0,0.143
SA_HYAC_00024.mol,SAF,0,0,0,0,0,6,0,-2,316.31,6.009,532.613,177.362,158.925,196.325,0,944.414,2,4.75,0.0382386,0.0126124,0.8740335,29.664,10.022,15.67,9.702,2.233,-3.304,-4.525,-4.507,308.184,-1.185,138.616,-3.181,9.037,0.543,6,0.012,3,84.564,0,0,102.884,6,0,16,0,16,2,23,0,0.104
SA_HYAC_00025.mol,SAF,0,0,0,0,0,6,0,-1,330.337,3.96,562.018,263.103,115.285,183.63,0,1000.992,1,4.75,0.015666,0.0084517,0.8610636,31.807,9.885,14.396,7.925,3.004,-3.847,-4.861,-4.656,799.198,-0.835,388.267,-2.421,8.98,0.449,6,0.18,3,96.49,0,0,89.804,6,0,16,0,16,2,24,0,0.178
SA_HYAC_00025.mol,SAF,0,0,0,0,0,6,0,-1,330.337,4.362,559.025,264.046,112.865,182.113,0,996.785,1,4.75,0.0190924,0.0084969,0.8632473,31.624,9.825,14.37,7.891,2.994,-3.795,-4.861,-4.613,842.562,-0.808,411.088,-2.382,8.917,0.308,6,0.17,3,96.839,0,0,88.88,6,0,16,0,16,2,24,0,0.22
SA_HYAC_00025.mol,SAF,0,0,0,0,0,6,0,-1,330.337,4.185,562.456,264.056,115.104,183.296,0,1000.178,1,4.75,0.0175079,0.0084451,0.8599263,31.771,9.869,14.403,7.922,3,-3.854,-4.861,-4.673,802.36,-0.836,389.928,-2.419,8.986,0.394,6,0.178,3,96.492,0,0,89.233,6,0,16,0,16,2,24,0,0.176
SA_HYAC_00026.mol,SAF,0,0,0,0,0,5,0,-2,298.295,2.719,532.601,143.552,138.493,250.556,0,913.802,1,4,0.0080908,0.0075103,0.8550626,29.599,9.652,13.329,7.949,2.679,-3.772,-4.57,-5.072,481.474,-1.001,224.517,-2.709,9.109,0.637,4,0.129,3,90.645,0,0,85.999,5,0,16,0,16,1,22,0,0.103
SA_HYAC_00026.mol,SAF,0,0,0,0,0,5,0,-1,298.295,5.228,530.688,143.303,136.558,250.826,0,910.642,1,4,0.0300173,0.0075374,0.856166,29.475,9.614,13.58,7.933,2.674,-3.743,-4.57,-5.056,502.246,-0.98,235.004,-2.673,9.075,0.591,4,0.121,3,90.943,0,0,85.119,5,0,16,0,16,1,22,0,0.122
SA_HYAC_00026.mol,SAF,0,0,0,0,0,5,0,-1,298.295,4.336,531.304,143.689,137.814,249.801,0,911.563,1,4,0.020625,0.0075286,0.8557488,29.502,9.623,13.464,7.936,2.67,-3.752,-4.57,-5.057,488.665,-0.992,228.143,-2.699,9.101,0.612,4,0.124,3,90.707,0,0,85.585,5,0,16,0,16,1,22,0,0.112
SA_HYAC_00027.mol,SAF,0,0,0,0,0,5,1,-2,472.664,2.441,753.113,602.609,150.415,0.089,0,1480.197,2,8.15,0.0040261,0.0153043,0.8340356,49.874,13.377,23.847,12.409,4.021,-6.134,-5.674,-4.218,371.12,-1.179,169.452,-3.811,9.362,-0.491,8,0.817,3,96.479,0,0,93.593,5,0,21,0,21,17,34,2,0
SA_HYAC_00027.mol,SAF,0,0,0,0,0,5,1,-1,472.664,4.88,711.967,577.412,134.423,0.132,0,1422.913,2,8.15,0.0167346,0.0161887,0.859325,47.582,12.727,23.22,12.202,3.797,-5.443,-5.674,-3.809,526.22,-0.951,247.153,-3.516,9.272,-0.36,8,0.689,3,100,0,0,91.094,5,0,21,0,21,17,34,1,0.001
SA_HYAC_00028.mol,SAF,0,0,0,0,0,7,1,-2,474.679,5.452,730.318,587.467,142.851,0,0,1458.603,3,7.85,0.0203762,0.0186174,0.8516822,47.725,13.326,24.573,13.03,3.926,-5.463,-5.69,-3.932,437.764,-1.171,202.569,-3.48,9.021,-0.707,8,0.708,3,100,0,0,89.814,5,0,21,0,21,18,34,1,0.001
SA_HYAC_00029.mol,SAF,0,0,0,0,0,6,1,-2,474.679,4.485,730.194,594.965,135.057,0.172,0,1456.264,3,7.85,0.0138134,0.0186205,0.8509166,48.275,13.254,24.666,13.199,3.965,-5.624,-5.69,-3.945,518.987,-1.042,243.483,-3.432,9.218,-0.656,8,0.744,3,100,0,0,86.933,5,0,21,0,21,18,34,1,0
SA_HYAC_00030.mol,SAF,0,0,0,0,0,5,0,-2,286.284,1.95,506.536,92.314,178.772,235.45,0,873.633,2,4,0.004352,0.0111677,0.8725179,27.847,9.745,14.337,9.522,1.981,-3.221,-4.199,-4.718,199.806,-1.303,86.774,-3.505,9.007,0.354,5,-0.013,3,79.72,0,0,97.755,5,0,16,0,16,2,21,0,0.054
SA_HYAC_00030.mol,SAF,0,0,0,0,0,5,0,-2,286.284,4.08,504.767,92.343,178.781,233.644,0,872.967,2,4,0.0190675,0.0112069,0.87513,27.803,9.74,14.528,9.505,1.976,-3.191,-4.199,-4.667,199.767,-1.294,86.756,-3.511,9.006,0.37,5,-0.014,3,79.69,0,0,97.744,5,0,16,0,16,2,21,0,0.057
SA_HYAC_00030.mol,SAF,0,0,0,0,0,5,0,-2,286.284,5.298,504.739,92.332,177.038,235.369,0,870.575,2,4,0.0322382,0.0112075,0.8735787,27.724,9.708,14.669,9.505,1.974,-3.191,-4.199,-4.7,207.513,-1.284,90.398,-3.473,8.982,0.231,5,-0.021,3,79.977,0,0,96.809,5,0,16,0,16,2,21,0,0.062
SA_HYAC_00030.mol,SAF,0,0,0,0,0,5,0,-2,286.284,4.792,506.66,75.86,186.166,244.633,0,873.265,2,4,0.0262971,0.011165,0.8720584,27.92,9.856,14.713,9.635,1.938,-3.223,-4.199,-4.769,170.014,-1.37,72.878,-3.609,9.18,0.237,5,-0.015,3,78.213,0,0,98.852,5,0,16,0,16,2,21,0,0.042
SA_HYAC_00030.mol,SAF,0,0,0,0,0,5,0,-2,286.284,4.301,505.697,93.134,178.334,234.229,0,871.904,2,4,0.0212158,0.0111863,0.8728118,27.766,9.718,14.536,9.509,1.972,-3.207,-4.199,-4.707,201.725,-1.299,87.676,-3.501,9.013,0.29,5,-0.018,3,79.742,0,0,97.122,5,0,16,0,16,2,21,0,0.056
SA_HYAC_00030.mol,SAF,0,0,0,0,0,5,0,-2,286.284,3.683,549.608,120.436,196.158,233.014,0,917.903,2,4,0.0147757,0.0102925,0.8310813,29.595,10.113,15.056,9.727,2.108,-3.95,-4.199,-5.377,136.69,-1.631,57.568,-3.834,9.011,0.273,5,0.077,3,77.511,0,0,97.223,5,0,16,0,16,2,21,0,0.005
SA_HYAC_00031.mol,SAF,0,0,0,0,0,6,0,-2,316.31,5.663,540.226,169.498,163.683,207.045,0,949.431,2,4.75,0.0337809,0.0124346,0.8647664,29.967,10.139,15.729,9.825,2.237,-3.43,-4.525,-4.708,277.777,-1.257,123.894,-3.231,9.12,0.463,6,0.019,3,83.783,0,0,105.128,6,0,16,0,16,2,23,0,0.069
SA_HYAC_00031.mol,SAF,0,0,0,0,0,6,0,-2,316.31,4.893,532.87,176.981,159.41,196.479,0,945.615,2,4.75,0.0253164,0.0126063,0.8743537,29.713,10.04,15.514,9.707,2.237,-3.308,-4.525,-4.502,304.943,-1.188,137.041,-3.189,9.007,0.427,6,0.015,3,84.508,0,0,103.252,6,0,16,0,16,2,23,0,0.101
SA_HYAC_00031.mol,SAF,0,0,0,0,0,6,0,-2,316.31,5.253,528.758,176.544,155.029,197.185,0,941.803,2,4.75,0.0293005,0.0127043,0.878783,29.567,9.998,15.509,9.672,2.248,-3.24,-4.525,-4.434,335.555,-1.136,151.969,-3.106,8.983,0.308,6,0.008,3,85.314,0,0,102.452,6,0,16,0,16,2,23,0,0.143
SA_HYAC_00031.mol,SAF,0,0,0,0,0,6,0,-2,316.31,3.971,538.997,160.822,166.57,211.605,0,943.217,2,4.75,0.0167158,0.012463,0.8629517,29.762,10.124,15.438,9.873,2.183,-3.41,-4.525,-4.759,260.806,-1.289,115.733,-3.268,9.197,0.331,6,0.002,3,82.977,0,0,104.842,6,0,16,0,16,2,23,0,0.066
SA_HYAC_00031.mol,SAF,0,0,0,0,0,6,0,-2,316.31,6.01,532.613,177.362,158.926,196.325,0,944.414,2,4.75,0.0382401,0.0126124,0.8740334,29.664,10.022,15.67,9.702,2.233,-3.304,-4.525,-4.507,308.183,-1.185,138.616,-3.181,9.037,0.543,6,0.012,3,84.564,0,0,102.884,6,0,16,0,16,2,23,0,0.104
SA_HYAC_00031.mol,SAF,0,0,0,0,0,6,0,-2,316.31,4.648,532.533,175.751,159.065,197.717,0,942.899,2,4.75,0.0229141,0.0126143,0.8732301,29.616,10.015,15.443,9.712,2.224,-3.303,-4.525,-4.526,307.246,-1.189,138.16,-3.179,9.059,0.561,6,0.007,3,84.487,0,0,102.721,6,0,16,0,16,2,23,0,0.104
SA_HYAC_00033.mol,SAF,0,0,0,0,0,5,0,-1,300.31,3.772,531.365,185.743,124.179,221.443,0,926.885,1,4,0.0153529,0.0075278,0.8652123,29.844,9.519,13.431,7.65,2.828,-3.729,-4.545,-4.769,658.13,-0.844,314.751,-2.548,8.946,0.327,5,0.168,3,93.947,0,0,83.378,5,0,16,0,16,2,22,0,0.159
SA_HYAC_00033.mol,SAF,0,0,0,0,0,5,0,-1,300.31,3.761,531.133,186.165,124.411,220.558,0,926.848,1,4,0.0152621,0.0075311,0.8655673,29.834,9.515,13.427,7.645,2.825,-3.725,-4.545,-4.759,654.81,-0.845,313.035,-2.555,8.949,0.326,5,0.168,3,93.891,0,0,83.335,5,0,16,0,16,2,22,0,0.157
SA_HYAC_00033.mol,SAF,0,0,0,0,0,5,0,-1,300.31,4.86,528.655,185.389,122.468,220.797,0,923.886,1,4,0.0255705,0.0075664,0.8677709,29.718,9.484,13.524,7.628,2.821,-3.682,-4.545,-4.725,683.175,-0.822,327.717,-2.519,8.92,0.218,5,0.161,3,94.197,0,0,82.491,5,0,16,0,16,2,22,0,0.189
SA_HYAC_00033.mol,SAF,0,0,0,0,0,5,0,-1,300.31,4.331,533.137,169.644,131.563,231.931,0,927.936,1,4,0.0202172,0.0075028,0.8629878,29.986,9.645,13.594,7.776,2.795,-3.76,-4.545,-4.855,560.134,-0.916,264.414,-2.647,9.115,0.225,5,0.17,3,92.5,0,0,84.504,5,0,16,0,16,2,22,0,0.118
SA_HYAC_00033.mol,SAF,0,0,0,0,0,5,0,-2,300.31,3.314,576.663,213.064,141.673,221.925,0,972.324,1,4,0.0112936,0.0069365,0.8230949,31.667,9.951,13.974,7.882,2.978,-4.528,-4.545,-5.453,449.17,-1.132,208.28,-2.869,8.95,0.261,5,0.274,3,91.854,0,0,82.93,5,0,16,0,16,2,22,0,0.012
SA_HYAC_00033.mol,SAF,0,0,0,0,0,5,0,-2,300.31,3.886,574.64,213.496,141.446,219.698,0,971.49,1,4,0.0155421,0.0069609,0.8255217,31.613,9.931,14.017,7.86,2.972,-4.492,-4.545,-5.403,451.411,-1.122,209.403,-2.872,8.948,0.275,5,0.273,3,91.861,0,0,82.896,5,0,16,0,16,2,22,0,0.013
SA_HYAC_00034.mol,SAF,0,0,0,0,0,6,0,-1,330.337,4.937,563.935,268.252,115.258,180.425,0,1006.456,1,4.75,0.0242209,0.008423,0.8612561,31.995,9.914,14.576,7.907,3.035,-3.88,-4.861,-4.637,799.666,-0.834,388.513,-2.432,8.991,0.404,6,0.195,3,96.674,0,0,89.053,6,0,16,0,16,2,24,0,0.161
SA_HYAC_00034.mol,SAF,0,0,0,0,0,6,0,-1,330.337,3.565,574.093,256.421,127.41,190.262,0,1010.88,1,4.75,0.0125693,0.0082739,0.8484947,32.266,10.071,14.546,8.081,2.985,-4.058,-4.861,-4.891,613.294,-0.978,291.639,-2.621,9.183,0.445,6,0.201,3,94.317,0,0,91.085,6,0,16,0,16,2,24,0,0.069
SA_HYAC_00034.mol,SAF,0,0,0,0,0,6,0,-1,330.337,5.739,564.418,268.904,114.808,180.705,0,1005.98,1,4.75,0.0327418,0.0084158,0.8602483,31.978,9.905,14.682,7.907,3.035,-3.889,-4.861,-4.655,807.555,-0.832,392.657,-2.423,8.977,0.521,6,0.193,3,96.751,0,0,88.697,6,0,16,0,16,2,24,0,0.161
SA_HYAC_00034.mol,SAF,0,0,0,0,0,6,0,-1,330.337,4.057,563.387,269.331,114.569,179.486,0,1003.775,1,4.75,0.0163987,0.0084312,0.8605629,31.879,9.875,14.42,7.895,3.022,-3.871,-4.861,-4.644,811.788,-0.829,394.883,-2.423,8.996,0.536,6,0.188,3,96.713,0,0,88.619,6,0,16,0,16,2,24,0,0.168
SA_HYAC_00036.mol,SAF,0,0,0,0,0,6,0,-2,302.283,4.715,517.183,91.844,226.616,198.722,0,898.805,3,4.75,0.0247293,0.0159078,0.8708928,27.861,10.289,16.626,11.606,1.316,-2.939,-4.168,-4.569,70.291,-1.79,28.053,-4.42,8.708,0.393,6,-0.163,3,67.706,0,0,119.132,6,0,16,0,16,2,22,0,0.013
SA_HYAC_00036.mol,SAF,1,0,0,0,0,6,0,-2,302.283,0.734,515.862,92.194,224.796,198.872,0,898.413,3,4.75,0.0005994,0.0159485,0.8728679,27.847,10.283,16.287,11.591,1.328,-2.918,-4.168,-4.538,73.141,-1.765,29.285,-4.386,8.79,0.322,6,-0.162,3,68.086,0,0,119.043,6,0,16,0,16,2,22,0,0.015
SA_HYAC_00036.mol,SAF,0,0,0,0,0,6,0,-2,302.283,4.869,523.173,76.782,233.669,212.722,0,900.396,3,4.75,0.0263344,0.0157257,0.8619373,28.059,10.409,16.748,11.764,1.286,-3.035,-4.168,-4.78,60.258,-1.895,23.751,-4.501,8.937,0.285,6,-0.166,3,66.333,0,0,120.497,6,0,16,0,16,2,22,0,0.009
SA_HYAC_00036.mol,SAF,0,0,0,0,0,6,0,-2,302.283,5.967,513.937,91.975,222.744,199.218,0,895.258,3,4.75,0.0397645,0.0160083,0.8740857,27.724,10.246,16.774,11.575,1.325,-2.888,-4.168,-4.519,76.493,-1.742,30.738,-4.347,8.755,0.306,6,-0.169,3,68.415,0,0,118.033,6,0,16,0,16,2,22,0,0.018
SA_HYAC_00036.mol,SAF,0,0,0,0,0,6,0,-2,302.283,2.27,516.289,92.095,226.198,197.997,0,897.357,3,4.75,0.0057424,0.0159353,0.8714629,27.797,10.269,16.341,11.596,1.31,-2.925,-4.168,-4.556,70.935,-1.784,28.331,-4.415,8.858,0.501,6,-0.166,3,67.741,0,0,118.607,6,0,16,0,16,2,22,0,0.014
SA_HYAC_00036.mol,SAF,0,0,0,0,0,6,0,-2,302.283,2.8,514.42,92.23,223.857,198.333,0,893.344,3,4.75,0.0087787,0.0159932,0.8720197,27.639,10.219,16.317,11.578,1.303,-2.895,-4.168,-4.549,74.656,-1.761,29.941,-4.37,8.859,0.521,6,-0.175,3,68.097,0,0,118.52,6,0,16,0,16,2,22,0,0.016
SA_HYAC_00037.mol,SAF,0,0,0,0,0,6,0,-2,302.283,5.096,505.167,75.42,206.512,223.235,0,885.598,3,4.75,0.0293223,0.0162862,0.8828514,27.567,10.255,16.557,11.607,1.414,-2.749,-4.168,-4.492,109.029,-1.565,45.087,-3.963,9.215,0.437,5,-0.185,3,71.695,0,0,115.399,6,0,16,0,16,2,22,0,0.059
SA_HYAC_00037.mol,SAF,0,0,0,0,0,6,0,-2,302.283,2.879,506.287,75.387,206.862,224.037,0,886.394,3,4.75,0.009351,0.0162502,0.8814276,27.606,10.262,16.296,11.618,1.416,-2.767,-4.168,-4.519,108.199,-1.573,44.716,-3.967,9.213,0.436,5,-0.184,3,71.648,0,0,115.428,6,0,16,0,16,2,22,0,0.056
SA_HYAC_00037.mol,SAF,0,0,0,0,0,6,0,-2,302.283,7.057,515.566,59.469,213.037,243.06,0,888.258,3,4.75,0.0560706,0.0159577,0.866776,27.863,10.382,17.046,11.811,1.395,-2.914,-4.168,-4.847,94.552,-1.689,38.652,-4.013,9.083,0.408,5,-0.191,3,70.475,0,0,116.959,6,0,16,0,16,2,22,0,0.036
SA_HYAC_00037.mol,SAF,0,0,0,0,0,6,0,-2,302.283,5.722,505.07,75.201,204.729,225.14,0,881.357,3,4.75,0.0371461,0.0162893,0.880201,27.415,10.2,16.597,11.608,1.401,-2.748,-4.168,-4.544,113.359,-1.56,47.025,-3.923,9.188,0.32,5,-0.197,3,71.922,0,0,114.491,6,0,16,0,16,2,22,0,0.064
SA_HYAC_00037.mol,SAF,0,0,0,0,0,6,0,-2,302.283,3.079,504.158,75.314,206.193,222.651,0,883.659,3,4.75,0.0107277,0.0163188,0.8833267,27.484,10.232,16.271,11.598,1.405,-2.734,-4.168,-4.482,109.792,-1.56,45.428,-3.959,9.037,0.33,5,-0.189,3,71.693,0,0,115.054,6,0,16,0,16,2,22,0,0.061
SA_HYAC_00037.mol,SAF,0,0,0,0,0,6,0,-2,302.283,5.036,504.445,75.325,206.367,222.754,0,883.808,3,4.75,0.0287004,0.0163095,0.8829233,27.491,10.233,16.52,11.601,1.404,-2.738,-4.168,-4.489,109.376,-1.563,45.242,-3.962,9.039,0.307,5,-0.189,3,71.66,0,0,115.049,6,0,16,0,16,2,22,0,0.06
SA_HYAC_00039.mol,SAF,0,0,0,0,0,4,0,-1,328.321,2.532,557.85,277.15,130.311,150.39,0,975.171,1,4.75,0.0065736,0.0085148,0.8525139,31.74,9.479,14.3,8.232,2.696,-4.1,-4.576,-4.636,575.656,-0.873,272.342,-3.007,8.655,0.386,5,0.193,3,92.132,0,0,91.693,6,0,17,4,13,3,24,0,0.026
SA_HYAC_00039.mol,SAF,0,0,0,0,0,4,0,-1,328.321,4.138,555.538,277.254,128.321,149.963,0,971.669,1,4.75,0.0176245,0.0085503,0.8540113,31.596,9.433,14.395,8.21,2.688,-4.059,-4.576,-4.609,601.22,-0.851,285.438,-2.972,8.643,0.25,5,0.184,3,92.423,0,0,90.777,6,0,17,4,13,3,24,0,0.031
SA_HYAC_00039.mol,SAF,0,0,0,0,0,4,0,-1,328.321,4.428,560.388,274.871,126.976,158.541,0,976.506,1,4.75,0.0200834,0.0084763,0.849427,31.871,9.515,14.519,8.271,2.736,-4.144,-4.576,-4.725,619.139,-0.851,294.644,-2.917,8.63,0.315,5,0.195,3,92.93,0,0,91.26,6,0,17,4,13,3,24,0,0.029
SA_HYAC_00040.mol,SAF,0,0,0,0,0,4,0,0,342.348,2.962,579.973,369.829,76.053,134.091,0,1023.849,0,4.75,0.008568,0,0.8470599,33.533,9.207,13.201,6.341,3.292,-4.069,-4.725,-4.646,1882.283,-0.384,980.058,-2.065,8.642,0.367,5,0.15,3,100,0,0,77.34,6,0,17,4,13,3,25,0,0.251
SA_HYAC_00040.mol,SAF,0,0,0,0,0,4,0,0,342.348,4.022,586.818,368.066,72.814,145.938,0,1027.296,0,4.75,0.0157432,0,0.8390583,33.784,9.281,13.364,6.416,3.351,-4.199,-4.725,-4.832,2020.234,-0.367,1057.92,-1.963,8.747,0.474,5,0.16,3,100,0,0,76.548,6,0,17,4,13,3,25,0,0.236
SA_HYAC_00042.mol,SAF,0,0,0,0,0,3,0,-1,272.257,2.354,485.174,167.477,128.695,189.002,0,821.695,1,3.75,0.0067438,0.0077292,0.8744632,26.609,8.334,12.084,7.544,2.203,-3.33,-4.086,-4.465,596.329,-0.739,282.929,-2.938,9.16,0.502,4,0.023,3,89.522,0,0,83.105,5,0,14,0,14,0,20,0,0.147
SA_HYAC_00042.mol,SAF,0,0,0,0,0,3,0,-1,272.257,4.113,483.287,167.487,126.55,189.25,0,818.597,1,3.75,0.0206619,0.0077594,0.8756691,26.487,8.297,12.225,7.527,2.199,-3.298,-4.086,-4.446,624.926,-0.718,297.622,-2.897,9.033,0.444,4,0.016,3,89.864,0,0,82.177,5,0,14,0,14,0,20,0,0.174
SA_HYAC_00042.mol,SAF,0,0,0,0,0,3,0,-1,272.257,3.575,485.148,167.996,127.981,189.171,0,820.751,1,3.75,0.0155719,0.0077296,0.8738396,26.573,8.317,12.187,7.541,2.202,-3.33,-4.086,-4.476,605.692,-0.735,287.733,-2.924,9.023,0.681,4,0.021,3,89.637,0,0,82.635,5,0,14,0,14,0,20,0,0.152
SA_HYAC_00043.mol,SAF,0,0,0,0,0,3,3,-1,424.406,4.351,680.334,440.9,101.323,138.111,0,1245.438,0,9.7,0.0152024,0,0.8228569,43.081,11.477,19.452,11.878,2.157,-3.542,-4.222,-5.057,1084.064,-0.615,539.809,-2.612,9.477,0.746,5,-0.489,3,93.897,0,0,121.219,8,0,20,4,16,5,31,0,0.297
SA_HYAC_00044.mol,SAF,0,0,0,0,0,3,3,-1,424.406,4.351,680.334,440.9,101.323,138.111,0,1245.438,0,9.7,0.0152024,0,0.8228569,43.081,11.477,19.452,11.878,2.157,-3.542,-4.222,-5.057,1084.064,-0.615,539.809,-2.612,9.477,0.746,5,-0.489,3,93.897,0,0,121.219,8,0,20,4,16,5,31,0,0.297
SA_HYAC_00046.mol,SAF,0,0,0,0,0,5,0,-1,332.309,3.75,548.208,331.92,109.924,106.363,0,971.945,1,5.25,0.0144709,0.0095767,0.8655941,30.549,9.042,14.096,8.042,2.532,-3.599,-4.716,-4.214,898.435,-0.716,440.631,-2.691,9.095,0.607,6,0.054,3,94.632,0,0,95.605,7,0,14,0,14,0,24,0,0.171
SA_HYAC_00046.mol,SAF,0,0,0,0,0,5,0,-1,332.309,4.024,546.728,331.67,108.665,106.392,0,969.333,1,5.25,0.0167077,0.0096026,0.866382,30.444,9.012,14.086,8.031,2.525,-3.573,-4.716,-4.201,923.479,-0.703,453.921,-2.667,9.068,0.537,6,0.047,3,94.804,0,0,94.757,7,0,14,0,14,0,24,0,0.191
SA_HYAC_00046.mol,SAF,0,0,0,0,0,5,0,-1,332.309,3.513,546.969,332.012,109.338,105.618,0,969.908,1,5.25,0.0127215,0.0095984,0.8663428,30.46,9.016,14.039,8.03,2.523,-3.577,-4.716,-4.198,910.014,-0.709,446.772,-2.682,9.025,0.557,6,0.049,3,94.678,0,0,95.173,7,0,14,0,14,0,24,0,0.183
SA_HYAC_00047.mol,SAF,0,0,0,0,0,6,0,-2,300.267,2.589,518.961,51.269,240.428,227.264,0,881.721,3,4.75,0.0076046,0.0158533,0.8568762,27.45,10.351,16.316,11.898,1.14,-2.967,-4.195,-4.932,51.991,-1.981,20.25,-4.574,8.939,0.716,5,-0.215,3,64.331,0,0,122.046,6,0,16,0,16,1,22,0,0.009
SA_HYAC_00047.mol,SAF,0,0,0,0,0,6,0,-2,300.267,3.291,517.294,50.527,238.446,228.32,0,878.741,3,4.75,0.0123244,0.0159044,0.8576993,27.341,10.319,16.337,11.888,1.138,-2.941,-4.195,-4.923,54.289,-1.959,21.219,-4.534,8.91,0.666,5,-0.221,3,64.655,0,0,121.148,6,0,16,0,16,1,22,0,0.01
SA_HYAC_00047.mol,SAF,0,0,0,0,0,6,0,-2,300.267,3.453,518.282,51.419,239.803,227.06,0,880.177,3,4.75,0.0135493,0.0158741,0.8569959,27.387,10.33,16.372,11.891,1.135,-2.957,-4.195,-4.929,52.704,-1.975,20.55,-4.563,9.064,0.932,5,-0.218,3,64.408,0,0,121.65,6,0,16,0,16,1,22,0,0.009
SA_HYAC_00048.mol,SAF,0,0,0,0,0,6,1,-2,342.304,3.437,583.434,141.395,228.195,213.844,0,1009.511,3,7.5,0.011701,0.0222654,0.8341553,32.436,11.352,19.476,14.588,0.988,-3.39,-4.071,-5.235,67.908,-1.985,27.027,-4.396,9.024,0.901,4,-0.301,3,65.517,0,0,136.333,7,0,16,0,16,1,25,0,0.006
SA_HYAC_00048.mol,SAF,0,0,0,0,0,6,1,-2,342.304,3.608,581.823,141.475,226.001,214.347,0,1006.614,3,7.5,0.0129357,0.022327,0.8348645,32.325,11.313,19.446,14.572,0.987,-3.366,-4.071,-5.226,71.242,-1.96,28.464,-4.354,8.998,0.834,4,-0.307,3,65.887,0,0,135.383,7,0,16,0,16,1,25,0,0.007
SA_HYAC_00049.mol,SAF,0,0,0,0,0,6,0,0,374.39,5.073,609.607,402.857,95.686,111.064,0,1119.471,1,5.5,0.0229901,0.0090222,0.8553103,35.855,10.328,16.123,8.151,3.488,-4.413,-5.457,-4.403,1226.059,-0.67,616.624,-2.316,8.927,0.405,7,0.348,3,100,0,0,96.769,7,0,16,0,16,2,27,1,0.07
SA_HYAC_00049.mol,SAF,0,0,0,0,0,6,0,0,374.39,3.213,609.306,403.253,94.942,111.11,0,1118.161,1,5.5,0.0092314,0.0090267,0.8550646,35.803,10.311,15.911,8.146,3.485,-4.408,-5.457,-4.407,1246.123,-0.664,627.538,-2.302,9.05,0.504,7,0.345,3,100,0,0,96.29,7,0,16,0,16,2,27,1,0.073
SA_HYAC_00050.mol,SAF,0,0,0,0,0,5,1,-2,472.664,4.703,726.472,580.536,145.936,0,0,1447.825,0,6.15,0.0152772,0,0.8519687,48.577,12.574,19.6,7.415,4.736,-5.95,-6.415,-3.927,409.247,-1.078,188.344,-3.729,9.35,-0.455,8,0.964,3,100,0,0,92.954,5,0,21,0,21,17,34,2,0
SA_HYAC_00051.mol,SAF,1,0,0,0,0,5,0,-1,446.669,5.245,712.164,609.82,102.344,0,0,1406.492,3,5.85,0.0195562,0.0142278,0.8524649,46.923,12.595,23.045,11.182,4.645,-6.053,-5.876,-3.919,1060.17,-0.677,526.96,-2.926,9.09,-1.048,6,0.987,3,100,0,0,64.678,4,0,21,0,21,18,32,1,0
SA_HYAC_00051.mol,SAF,1,0,0,0,0,5,0,-1,446.669,3.888,698.463,588.195,110.268,0,0,1393.005,3,5.85,0.010851,0.0145069,0.8636221,46.384,12.527,22.815,11.203,4.515,-5.821,-5.876,-3.739,891.72,-0.723,437.072,-3.072,9.147,-0.988,6,0.959,3,100,0,0,63.585,4,0,21,0,21,18,32,1,0.001
SA_HYAC_00052.mol,SAF,2,0,0,0,0,4,0,0,416.643,4.071,690.224,613.145,77.079,0,0,1346.333,2,4.15,0.0123095,0.008503,0.8542993,45.158,11.669,19.843,8.039,5.301,-6.52,-6.022,-3.89,1840.613,-0.382,956.628,-2.556,9.007,-1.128,5,1.246,1,100,0,0,45.674,3,1,21,0,21,18,30,1,0
SA_HYAC_00052.mol,SAF,2,0,0,0,0,4,0,0,416.643,2.26,696.484,610.566,85.918,0,0,1356.596,2,4.15,0.0037648,0.0084266,0.8509177,45.569,11.822,19.904,8.114,5.304,-6.631,-6.022,-3.944,1517.525,-0.469,776.491,-2.719,9.132,-1.008,5,1.272,1,100,0,0,46.636,3,1,21,0,21,18,30,1,0
SA_HYAC_00053.mol,SAF,0,0,0,0,0,8,0,-1,390.389,3.147,628.286,424.211,100.919,103.156,0,1149.044,1,6.25,0.0086202,0.0099477,0.8444331,35.679,10.566,16.186,8.475,3.311,-4.141,-5.481,-4.541,1093.657,-0.862,544.974,-2.248,8.779,0.485,7,0.189,3,100,0,0,102.305,8,0,16,0,16,2,28,1,0.159
SA_HYAC_00053.mol,SAF,0,0,0,0,0,8,0,0,390.389,3.348,602.813,411.58,86.985,104.248,0,1126.656,1,6.25,0.0099499,0.0103681,0.8686472,34.794,10.314,15.905,8.327,3.282,-3.7,-5.481,-4.155,1482.579,-0.687,757.182,-1.987,8.783,0.543,7,0.142,3,100,0,0,100.151,8,0,16,0,16,2,28,1,0.801
SA_HYAC_00054.mol,SAF,0,0,0,0,0,7,0,-1,360.363,4.565,597.643,335.975,102.676,158.993,0,1072.588,1,5.5,0.0194259,0.0092028,0.8479004,33.795,10.263,15.39,8.275,3.198,-4.041,-5.173,-4.751,1052.503,-0.811,522.843,-2.18,8.777,0.445,6,0.178,3,100,0,0,96.552,7,0,16,0,16,2,26,0,0.217
SA_HYAC_00054.mol,SAF,0,0,0,0,0,7,0,-1,360.363,5.066,584.224,351.613,94.811,137.8,0,1062.684,1,5.5,0.0241465,0.0094142,0.8620289,33.196,10.001,15.217,8.045,3.172,-3.808,-5.173,-4.422,1249.693,-0.709,629.482,-2.109,8.771,0.423,6,0.158,3,100,0,0,94.149,7,0,16,0,16,2,26,0,0.436
SA_HYAC_00055.mol,SAF,0,0,0,0,0,8,0,-2,376.362,3.01,615.18,317.483,160.744,136.953,0,1102.19,2,6.25,0.0082189,0.0143679,0.8388168,34.127,11.007,17.407,10.545,2.527,-3.933,-5.16,-4.793,296.189,-1.442,132.794,-3.231,8.94,0.5,7,0.06,3,85.981,0,0,117.697,8,0,16,0,16,2,27,1,0.026
SA_HYAC_00055.mol,SAF,0,0,0,0,0,8,0,-2,376.362,2.103,603.724,339.25,147.183,117.291,0,1097.087,2,6.25,0.0040331,0.0146405,0.8520934,33.735,10.748,17.159,10.292,2.577,-3.743,-5.16,-4.485,398.254,-1.27,182.882,-3.051,8.921,0.45,7,0.057,3,88.573,0,0,114.985,8,0,16,0,16,2,27,1,0.06
SA_HYAC_00056.mol,SAF,0,0,0,0,0,8,0,-2,362.335,7.401,584.532,250.871,200.091,133.57,0,1037.807,3,6.25,0.0527863,0.0185196,0.8480755,31.518,10.895,18.762,12.181,1.715,-3.366,-4.813,-4.627,125.44,-1.773,52.465,-3.969,8.759,0.58,7,-0.132,2,74.548,0,0,129.883,8,0,16,0,16,2,26,1,0.017
SA_HYAC_00056.mol,SAF,0,0,0,0,0,8,0,-2,362.335,4.785,598.18,252.818,209.116,136.246,0,1048.104,3,6.25,0.0218469,0.0180971,0.8341986,31.955,11.046,18.494,12.293,1.705,-3.582,-4.813,-4.865,103.003,-1.922,42.399,-4.125,8.818,0.567,7,-0.12,2,72.952,0,0,131.231,8,0,16,0,16,2,26,1,0.007
SA_HYAC_00057.mol,SAF,0,0,0,0,0,7,0,-2,332.309,3.386,543.415,168.832,201.546,173.036,0,963.744,3,5.5,0.0118953,0.0175304,0.8683102,29.573,10.545,17.264,11.842,1.59,-3.043,-4.494,-4.488,121.518,-1.641,50.694,-3.952,8.85,0.484,6,-0.147,3,73.565,0,0,122.802,7,0,16,0,16,2,24,0,0.034
SA_HYAC_00057.mol,SAF,0,0,0,0,0,7,0,-2,332.309,3.382,543.327,168.747,201.559,173.021,0,963.691,3,5.5,0.0118661,0.0175332,0.8684184,29.571,10.545,17.264,11.842,1.589,-3.042,-4.494,-4.486,121.484,-1.64,50.679,-3.953,8.85,0.483,6,-0.147,3,73.561,0,0,122.806,7,0,16,0,16,2,24,0,0.034
SA_HYAC_00057.mol,SAF,0,0,0,0,0,7,0,-2,332.309,5.468,556.427,152.463,213.389,190.575,0,967.527,3,5.5,0.0309015,0.0171204,0.8502214,29.892,10.72,17.667,12.073,1.535,-3.249,-4.494,-4.864,93.828,-1.826,38.332,-4.109,8.729,0.427,6,-0.154,3,71.233,0,0,124.475,7,0,16,0,16,2,24,0,0.015
SA_HYAC_00057.mol,SAF,0,0,0,0,0,7,0,-2,332.309,5.014,541.384,168.753,199.39,173.241,0,960.438,3,5.5,0.0261797,0.0175962,0.8695726,29.442,10.505,17.407,11.824,1.586,-3.011,-4.494,-4.469,127.376,-1.616,53.34,-3.912,8.82,0.352,6,-0.154,3,73.91,0,0,121.932,7,0,16,0,16,2,24,0,0.04
SA_HYAC_00057.mol,SAF,0,0,0,0,0,7,0,-2,332.309,4.063,541.762,168.649,200.712,172.401,0,961.029,3,5.5,0.0171794,0.0175839,0.8693223,29.458,10.513,17.294,11.828,1.579,-3.017,-4.494,-4.469,123.75,-1.629,51.701,-3.939,8.851,0.41,6,-0.152,3,73.646,0,0,122.466,7,0,16,0,16,2,24,0,0.037
SA_HYAC_00057.mol,SAF,0,0,0,0,0,7,0,-2,332.309,3.474,541.235,168.238,200.51,172.487,0,960.457,3,5.5,0.0125687,0.017601,0.8698232,29.436,10.509,17.223,11.826,1.578,-3.009,-4.494,-4.461,124.298,-1.625,51.949,-3.935,8.856,0.43,6,-0.153,3,73.672,0,0,122.469,7,0,16,0,16,2,24,0,0.038
SA_HYAC_00059.mol,SAF,0,0,0,0,0,5,0,-1,300.31,1.388,536.122,183.154,136.299,216.669,0,939.778,2,5,0.0020489,0.0131893,0.865469,30.315,9.924,15.463,10.161,2.287,-3.46,-4.126,-4.742,505.097,-0.951,236.447,-2.788,9.004,0.306,5,-0.001,3,88.721,0,0,83.247,5,0,16,0,16,2,22,0,0.17
SA_HYAC_00059.mol,SAF,0,0,0,0,0,5,0,-1,300.31,3.993,536.489,183.393,137.041,216.056,0,937.924,2,5,0.0169972,0.0131803,0.8637388,30.235,9.899,15.637,10.163,2.269,-3.466,-4.126,-4.767,496.981,-0.962,232.343,-2.804,8.982,0.167,5,-0.007,3,88.488,0,0,82.297,5,0,16,0,16,2,22,0,0.161
SA_HYAC_00060.mol,SAF,0,0,0,0,0,6,0,-1,330.337,2.713,565.411,261.303,123.991,180.117,0,1010.474,1,4.75,0.0072849,0.008401,0.8612926,32.153,10.012,14.443,7.968,3,-3.906,-4.861,-4.635,660.835,-0.912,316.149,-2.594,8.992,0.431,6,0.206,3,94.984,0,0,89.56,6,0,16,0,16,2,24,0,0.104
SA_HYAC_00061.mol,SAF,0,0,0,0,0,6,0,-2,316.31,1.579,546.925,185.062,175.434,186.428,0,958.371,2,4.75,0.0026017,0.0122823,0.8595281,30.128,10.141,15.369,9.781,2.183,-3.542,-4.525,-4.694,214.91,-1.381,93.885,-3.52,8.736,0.454,6,0.038,3,81.473,0,0,103.529,6,0,16,0,16,2,23,0,0.027
SA_HYAC_00063.mol,SAF,0,0,0,1,0,7,2,-2,248.232,3.52,429.872,211.546,216.587,1.739,0,746.805,5,8.6,0.0165913,0.0447347,0.9260423,19.255,8.172,18.19,16.488,-0.517,-1.184,-1.262,-0.93,22.162,-1.542,10.247,-4.833,10.262,0.039,4,-0.956,2,48,0,0,133.382,7,0,6,0,6,5,17,1,0.238
SA_HYAC_00064.mol,SAF,0,0,0,0,0,6,0,-1,330.337,5.962,540.376,246.891,122.962,170.523,0,982.189,2,5.75,0.036192,0.0150483,0.8842997,30.929,9.99,16.447,10.285,2.319,-3.171,-4.442,-4.217,675.858,-0.846,323.924,-2.609,8.861,0.535,6,-0.04,3,91.173,0,0,89.218,6,0,16,0,16,2,24,0,0.549
SA_HYAC_00064.mol,SAF,0,0,0,0,0,6,0,-1,330.337,6.008,542.185,247.385,123.152,171.648,0,983.811,2,5.75,0.0366879,0.0149981,0.8823191,31.005,10.006,16.478,10.299,2.327,-3.2,-4.442,-4.255,673.05,-0.853,322.47,-2.608,8.862,0.538,6,-0.038,3,91.19,0,0,89.352,6,0,16,0,16,2,24,0,0.513
SA_HYAC_00065.mol,SAF,0,0,0,0,0,6,0,0,344.363,4.526,589.445,361.532,60.575,167.338,0,1055.973,0,4.75,0.0193989,0,0.8507924,33.852,9.648,13.393,6.043,3.648,-3.923,-5.012,-4.744,2639.15,-0.356,1412.221,-1.47,8.929,0.392,6,0.158,3,100,0,0,75,6,0,16,0,16,2,25,0,1.391
SA_HYAC_00065.mol,SAF,0,0,0,0,0,6,0,0,344.363,4.537,590.424,361.991,60.52,167.913,0,1056.699,0,4.75,0.0194828,0,0.8497708,33.886,9.656,13.404,6.049,3.654,-3.942,-5.012,-4.764,2642.316,-0.357,1414.053,-1.467,8.932,0.393,6,0.16,3,100,0,0,76.243,6,0,16,0,16,2,25,0,1.342
SA_HYAC_00065.mol,SAF,0,0,0,0,0,6,0,0,344.363,4.796,590.485,362.342,59.919,168.223,0,1055.186,0,4.75,0.021803,0,0.8488729,33.828,9.637,13.41,6.047,3.648,-3.943,-5.012,-4.78,2677.22,-0.352,1434.253,-1.455,8.972,0.344,6,0.156,3,100,0,0,74.554,6,0,16,0,16,2,25,0,1.377
SA_HYAC_00065.mol,SAF,0,0,0,0,0,6,0,0,344.363,4.19,590.412,361.866,59.947,168.599,0,1055.447,0,4.75,0.0166372,0,0.8491169,33.842,9.643,13.345,6.05,3.65,-3.942,-5.012,-4.777,2675.6,-0.352,1433.315,-1.454,8.935,0.343,6,0.157,3,100,0,0,74.71,6,0,16,0,16,2,25,0,1.384
SA_HYAC_00067.mol,SAF,0,0,0,0,0,1,1,0,366.499,7.097,594.149,324.002,83.341,186.806,0,1137.545,1,3.25,0.0442801,0.00547,0.8869834,40.512,11.018,17.176,7.432,4.718,-5.757,-5.897,-4.252,1605.371,-0.203,825.188,-2.301,8.984,0.537,4,1.061,3,100,0,0,56.194,3,0,23,0,23,13,27,1,0.003
SA_MELI_00004.mol,SAF,8,0,0,0,0,21,0,-2,478.754,4.318,1020.729,848.731,139.647,32.352,0,1855.724,4,4.9,0.0100466,0.009601,0.7154787,54.937,18.402,25.801,9.398,7.313,-8.929,-6.645,-6.29,469.492,-2.521,218.484,-1.963,9.367,-0.825,16,1.48,1,100,0,0,79.933,4,1,0,0,0,0,34,2,0
SA_MELI_00004.mol,SAF,9,0,0,0,0,21,0,-2,478.754,1.072,1028.623,858.298,139.494,30.83,0,1864.561,4,4.9,0.0006164,0.0095273,0.7122403,55.276,18.526,25.767,9.406,7.367,-9.071,-6.645,-6.335,471.058,-2.535,219.272,-1.966,9.406,-0.768,16,1.502,1,100,0,0,79.848,4,1,0,0,0,0,34,2,0
SA_MELI_00010.mol,SAF,0,0,0,0,0,2,1,-1,466.573,7.28,651.478,341.693,138.031,171.754,0,1321.534,1,8.2,0.0401029,0.0125868,0.8939588,47.09,12.894,22.419,12.495,3.428,-4.8,-6.009,-4.067,486.35,-0.709,226.976,-3.266,9.29,0.499,3,0.537,3,95.106,0,0,105.274,6,0,22,0,22,11,34,0,0.004
SA_MELI_00010.mol,SAF,0,0,0,0,0,2,1,-1,466.573,5.667,659.998,348.996,135.248,175.755,0,1336.786,1,8.2,0.0240281,0.0124243,0.8891946,47.738,13.024,22.409,12.523,3.544,-4.945,-6.009,-4.163,516.822,-0.697,242.385,-3.201,9.337,0.509,3,0.574,3,96.259,0,0,108.612,6,0,22,0,22,11,34,0,0.003
SA_MELI_00011.mol,SAF,0,0,0,0,0,3,1,-1,506.638,4.927,698.691,395.613,117.711,185.367,0,1454.714,1,8.2,0.016686,0.0117362,0.8886517,51.908,13.94,23.726,12.342,4.415,-5.447,-6.826,-4.218,757.959,-0.611,366.658,-2.748,9.311,0.452,5,0.844,3,91.38,0,0,103.326,6,1,22,0,22,11,37,0,0.003
SA_MELI_00018.mol,SAF,0,0,0,0,0,4,3,-2,528.598,7.331,727.579,414.692,193.892,118.996,0,1502.679,1,11.2,0.0357603,0.0153935,0.872025,52.551,14.409,26.029,15.213,2.825,-4.626,-5.959,-4.17,143.623,-1.377,60.731,-4.29,9.446,-0.195,7,0.297,2,69.136,0,0,154.336,9,1,22,0,22,12,38,1,0.001
SA_MELI_00018.mol,SAF,0,0,0,0,0,4,3,-2,528.598,8.28,753.224,430.878,199.682,122.664,0,1503.747,1,11.2,0.04559,0.0148694,0.8427349,52.629,14.539,26.101,15.339,2.772,-5.06,-5.959,-4.662,126.566,-1.552,52.974,-4.383,9.461,-0.227,7,0.278,2,67.848,0,0,152.253,9,1,22,0,22,12,38,1,0
SA_MELI_00019.mol,SAF,0,0,0,0,0,5,3,-2,544.597,8.575,735.023,402.648,213.244,119.131,0,1526.158,2,11.95,0.0481819,0.0229923,0.8721619,52.85,14.965,28.24,17.346,2.516,-4.57,-5.986,-4.169,94.125,-1.607,38.463,-4.55,9.445,-0.133,7,0.267,2,64.044,0,0,169.945,10,1,22,0,22,12,39,1,0
SA_MELI_00019.mol,SAF,0,0,0,0,0,5,3,-2,544.597,9.362,765.316,423.883,218.262,123.171,0,1524.041,2,11.95,0.0575048,0.0220822,0.836865,52.804,15.09,28.228,17.48,2.432,-5.053,-5.986,-4.759,84.358,-1.816,34.168,-4.628,9.445,-0.21,7,0.222,2,62.699,0,0,167.88,10,1,22,0,22,12,39,1,0
SA_MELI_00026.mol,SAF,0,0,0,0,0,6,4,-2,570.635,6.291,744.897,471.593,188.005,85.299,0,1574.683,1,12.7,0.0251359,0.0170493,0.8787482,53.827,14.705,27.058,16.021,2.639,-4.009,-6.192,-3.901,163.324,-1.421,69.783,-4.108,9.724,0.926,4,0.092,3,69.046,0,0,176.071,10,1,20,0,20,10,41,0,0.004
SA_MELI_00026.mol,SAF,0,0,0,0,0,6,4,-2,570.635,6.159,739.681,471.665,180.626,87.39,0,1570.654,1,12.7,0.0241542,0.0171696,0.8834344,53.686,14.629,26.979,15.973,2.671,-3.922,-6.192,-3.835,191.878,-1.341,83.059,-3.965,9.73,0.923,4,0.086,3,70.489,0,0,176.069,10,1,20,0,20,10,41,0,0.007
SA_MELI_00027.mol,SAF,0,0,0,0,0,6,4,-2,570.635,10.937,755.161,461.399,222.166,71.597,0,1583.235,1,12.7,0.0755506,0.0168176,0.8699393,54.038,14.933,27.939,16.185,2.432,-4.18,-6.192,-3.978,77.464,-1.755,31.16,-4.786,9.873,0.727,4,0.107,3,62.036,0,0,185.592,10,1,20,0,20,10,41,0,0.001
SA_MELI_00027.mol,SAF,0,0,0,0,0,6,4,-2,570.635,4.649,735.171,445.681,203.95,85.54,0,1562.249,1,12.7,0.0138375,0.0172749,0.8856799,53.332,14.711,26.831,16.108,2.457,-3.847,-6.192,-3.79,115.303,-1.531,47.897,-4.401,9.857,0.924,4,0.066,3,65.278,0,0,179.646,10,1,20,0,20,10,41,0,0.003
SA_MELI_00028.mol,SAF,0,0,0,0,0,5,2,-2,512.599,8.816,709.443,452.236,160.531,96.676,0,1458.611,1,10.7,0.0532847,0.0150823,0.8767462,49.932,13.65,24.842,14.077,2.972,-4.351,-5.853,-3.987,297.57,-1.13,133.463,-3.657,9.724,0.48,6,0.247,3,75.658,0,0,143.613,8,1,20,0,20,10,37,0,0.005
SA_MELI_00029.mol,SAF,0,0,0,0,0,4,2,-1,496.599,4.561,716.051,472.431,96.642,146.978,0,1442.395,0,8.2,0.0144208,0,0.8622053,50.406,13.204,21.402,10.294,4.215,-4.842,-6.362,-4.463,1200.725,-0.544,602.864,-2.399,9.302,-0.098,7,0.442,3,100,0,0,104.338,7,0,21,0,21,11,36,1,0.029
SA_MELI_00030.mol,SAF,0,0,0,0,0,6,3,-2,556.652,5.269,749.011,478.08,141.745,129.186,0,1565.025,1,10.2,0.0177372,0.013618,0.8703442,53.859,14.624,25.419,13.553,4.012,-5.053,-6.893,-4.246,448.466,-1.046,207.927,-3.101,9.34,-0.118,7,0.584,2,84.941,0,0,144.182,9,1,20,0,20,11,40,1,0.004
SA_MELI_00031.mol,SAF,0,0,0,0,0,7,5,-2,642.742,4.514,850.649,586.625,149.409,114.615,0,1808.207,0,10.5,0.0112692,0,0.843814,62.81,16.397,27.173,12.361,5.078,-5.7,-8.274,-4.606,379.36,-1.257,173.522,-3.197,9.317,-0.234,5,0.761,2,63.966,0,0,167.944,11,3,20,0,20,12,46,0,0.001
SA_MENI_00001.mol,SAF,1,2,0,0,0,8,0,2,562.664,1.869,787.394,499.897,26.174,261.323,0,1577.567,1,6.5,0.0022136,0.0082551,0.8323356,54.339,14.953,22.787,9.672,5.559,-4.417,-7.638,-6.944,347.931,0.627,193.427,-4.438,8.4,0.207,9,1.293,2,79.065,0,0,56.088,7,2,34,0,34,6,42,1,0.001
SA_MENI_00001.mol,SAF,1,2,0,0,0,8,0,2,562.664,2.157,791.487,509.047,18.279,264.161,0,1572.773,1,6.5,0.0029572,0.0082124,0.8263528,54.174,14.901,22.674,9.647,5.584,-4.49,-7.638,-7.054,413.391,0.7,233.046,-4.283,8.313,0.115,9,1.277,2,80.55,0,0,54.433,7,2,34,0,34,6,42,1,0.001
SA_MENI_00001.mol,SAF,1,2,0,0,0,8,0,2,562.664,2.194,799.555,498.695,24.018,276.842,0,1581.355,1,6.5,0.0030437,0.0081295,0.8209871,54.639,15.128,22.866,9.792,5.611,-4.635,-7.638,-7.201,364.701,0.641,203.524,-4.344,8.399,0.193,9,1.298,2,79.736,0,0,54.244,7,2,34,0,34,6,42,1,0.001
SA_MENI_00001.mol,SAF,1,2,0,0,0,8,0,2,562.664,3.801,794.948,521.861,13.797,259.289,0,1574.943,1,6.5,0.0091756,0.0081766,0.8235114,54.215,14.866,22.731,9.592,5.621,-4.552,-7.638,-7.077,455.889,0.743,259.046,-4.218,8.388,0.194,9,1.282,2,81.532,0,0,52.255,7,2,34,0,34,6,42,1,0.001
SA_MENI_00001.mol,SAF,1,2,0,0,0,8,0,2,562.664,3.493,789.606,494.337,28.105,267.165,0,1577.481,1,6.5,0.0077361,0.0082319,0.8299727,54.391,15.016,22.889,9.73,5.551,-4.457,-7.638,-7.01,333.568,0.606,184.811,-4.453,8.417,0.233,9,1.291,2,78.689,0,0,55.593,7,2,34,0,34,6,42,1,0.001
SA_MENI_00001.mol,SAF,2,2,0,0,0,8,0,2,562.664,0.911,795.234,507.518,17.619,270.097,0,1581.765,1,6.5,0.0005246,0.0081737,0.8255912,54.591,15.018,22.794,9.692,5.652,-4.558,-7.638,-7.095,419.389,0.706,236.703,-4.25,8.378,0.175,9,1.301,2,81.063,0,0,54.363,7,2,34,0,34,6,42,1,0.001
SA_PTAE_00014.mol,SAF,0,0,0,0,0,3,0,-1,274.273,5.495,496.714,243.464,135.942,117.307,0,844.87,1,4.7,0.0357335,0.0094622,0.8701325,26.852,8.086,12.992,8.069,1.834,-3.234,-3.402,-4.193,509.05,-0.814,238.447,-3.324,9.15,0.454,5,-0.088,3,86.133,0,0,84.616,5,0,15,0,10,2,20,0,0.078
SA_PTAE_00016.mol,SAF,0,0,0,0,0,2,0,0,282.295,3.869,532.669,182.631,51.735,298.303,0,908.925,0,4,0.0164697,0,0.851909,31.786,9.089,12.492,6.881,3.268,-3.891,-4.172,-5.351,3201.082,-0.032,1739.867,-1.23,9.142,0.77,2,0.102,3,100,0,0,48.676,4,0,16,0,16,0,21,0,2.135
SA_PTAE_00019.mol,SAF,0,0,0,0,0,7,1,-1,354.402,7.346,651.408,289.094,110.111,252.203,0,1154.065,1,4.95,0.0467654,0.0075989,0.8168311,37.946,11.715,17.018,8.547,3.984,-5.188,-5.205,-5.699,894.785,-0.959,438.696,-1.988,9.046,0.477,4,0.492,3,100,0,0,77.665,5,0,16,0,16,3,26,0,0.024
SA_PTAE_00019.mol,SAF,0,0,0,0,0,7,1,-1,354.402,7.346,651.431,289.1,110.129,252.202,0,1154.32,1,4.95,0.0467555,0.0075987,0.8169227,37.956,11.717,17.022,8.548,3.986,-5.188,-5.205,-5.697,894.438,-0.959,438.512,-1.989,9.046,0.477,4,0.492,3,100,0,0,77.66,5,0,16,0,16,3,26,0,0.024
SA_PTAE_00019.mol,SAF,0,0,0,0,0,7,1,-1,354.402,4.659,657.712,290.529,110.917,256.265,0,1157.642,1,4.95,0.0187517,0.0075261,0.8106729,38.127,11.785,16.685,8.596,4.003,-5.3,-5.205,-5.818,879.17,-0.984,430.427,-1.989,8.907,0.791,4,0.499,3,100,0,0,77.729,5,0,16,0,16,3,26,0,0.018
SA_PTAE_00019.mol,SAF,0,0,0,0,0,7,1,-1,354.402,4.658,657.706,290.518,110.921,256.267,0,1157.607,1,4.95,0.018739,0.0075262,0.8106639,38.126,11.785,16.684,8.596,4.003,-5.3,-5.205,-5.818,879.096,-0.984,430.388,-1.989,8.907,0.79,4,0.499,3,100,0,0,77.73,5,0,16,0,16,3,26,0,0.018
SA_PTAE_00032.mol,SAF,0,0,0,0,0,4,1,0,274.316,5.306,522.834,344.029,72.041,106.764,0,912.693,0,4,0.0308484,0,0.8703298,28.823,8.001,11.432,5.251,2.928,-3.379,-3.642,-4.139,2054.642,-0.312,1077.409,-2.087,9.15,0.937,5,0.028,3,100,0,0,54.377,4,0,10,0,10,0,20,0,0.937
SA_RUBI_00001.mol,SAF,2,0,0,0,0,1,1,0,470.691,4.123,682.488,605.276,77.212,0,0,1385.134,1,6.7,0.0122722,0.009817,0.8805044,48.637,11.772,21.206,9.73,4.67,-6.059,-5.998,-3.466,1835.273,-0.161,953.629,-2.847,10.634,-1.099,1,1.045,3,100,0,0,62.19,4,0,25,3,22,22,34,1,0.001
SA_RUTA_00007.mol,SAF,0,0,0,0,0,5,0,1,313.352,5.783,573.777,365,10.366,198.411,0,1014.28,0,3.75,0.0329724,0,0.8508649,33.122,9.116,12.606,5.111,4.247,-4.313,-4.767,-4.891,7899.528,0.167,4619.028,-0.532,8.342,1.193,7,0.347,3,100,0,0,42.896,5,0,13,0,13,0,23,1,4.484
SA_RUTA_00007.mol,SAF,0,0,0,0,0,5,0,1,313.352,4.498,573.374,364.511,9.865,198.999,0,1015.065,0,3.75,0.0199352,0,0.8519015,33.159,9.127,12.443,5.11,4.256,-4.305,-4.767,-4.877,7986.333,0.172,4673.914,-0.52,8.366,1.187,7,0.349,3,100,0,0,42.745,5,0,13,0,13,0,23,1,4.684
SA_RUTA_00009.mol,SAF,0,0,0,0,0,5,1,1,329.352,4.573,561.534,370.366,20.102,171.066,0,1007.036,0,5.75,0.0207704,0,0.8652721,32.571,8.97,13.375,6.932,3.126,-3.034,-4.05,-4.528,6386.697,0.083,3670.78,-0.807,8.464,1.208,4,-0.209,3,100,0,0,56.747,6,0,16,3,13,2,24,0,47.511
SA_RUTA_00009.mol,SAF,0,0,0,0,0,5,1,1,329.352,4.573,561.531,370.365,20.102,171.064,0,1007.034,0,5.75,0.02077,0,0.8652746,32.571,8.97,13.375,6.932,3.126,-3.034,-4.05,-4.528,6386.665,0.083,3670.76,-0.807,8.464,1.208,4,-0.209,3,100,0,0,56.747,6,0,16,3,13,2,24,0,47.514
SA_RUTA_00010.mol,SAF,0,0,0,0,0,5,0,1,313.352,3.573,581.917,377.067,20.117,184.732,0,1016.382,0,3.75,0.0125571,0,0.8401218,33.075,9.08,12.301,5.104,4.177,-4.467,-4.767,-5,6384.535,0.072,3669.437,-0.759,8.428,1.172,7,0.353,3,100,0,0,43.88,5,0,13,0,13,0,23,1,1.86
SA_RUTA_00010.mol,SAF,0,0,0,0,0,5,0,1,313.352,3.734,581.959,377.437,20.549,183.973,0,1015.74,0,3.75,0.013729,0,0.8397066,33.042,9.07,12.305,5.102,4.169,-4.468,-4.767,-5.003,6324.576,0.068,3632.203,-0.77,8.453,1.164,7,0.351,3,100,0,0,44.085,5,0,13,0,13,0,23,1,1.812
SA_RUTA_00011.mol,SAF,0,0,0,0,0,5,0,1,313.352,5.482,558.887,348.935,9.578,200.374,0,1003.899,0,3.75,0.0299314,0,0.8675622,32.725,9.081,12.477,5.083,4.187,-4.031,-4.767,-4.631,8036.516,0.177,4705.667,-0.51,8.351,1.213,7,0.317,3,100,0,0,42.914,5,0,13,0,13,0,23,1,9.022
SA_RUTA_00011.mol,SAF,0,0,0,0,0,5,0,1,313.352,5.628,558.813,349.604,9.3,199.909,0,1002.781,0,3.75,0.0315911,0,0.8670336,32.676,9.064,12.478,5.078,4.181,-4.029,-4.767,-4.637,8085.555,0.18,4736.711,-0.507,8.375,1.208,7,0.314,3,100,0,0,42.739,5,0,13,0,13,0,23,1,9.124
SA_SIMA_00001.mol,SAF,1,0,0,0,0,1,1,-1,332.352,6.959,491.574,305.309,151.164,35.101,0,926.35,1,9.45,0.0522798,0.019224,0.9348886,30.612,8.783,17.31,12.721,0.284,-1.942,-2.611,-2.753,365.097,-0.65,166.481,-4.086,10.729,0.814,6,-0.614,3,74.472,0,0,113.451,6,0,17,0,17,10,24,0,0.312
SA_SIMA_00002.mol,SAF,1,0,0,0,0,1,1,-1,364.782,5.465,511.035,272.522,148.221,26.859,63.433,952.736,1,9.45,0.031349,0.0184919,0.9162823,31.589,9.272,17.612,12.714,0.677,-2.514,-3.367,-3.015,389.331,-0.518,397.209,-4.061,9.913,1.85,4,-0.569,3,77.269,0,0,114.627,6,0,17,0,17,8,25,0,0.097
